X (km),Y (km),Z (km),Time Step,Revolution
6800.686605599999,0.0,0.0,0,0
6787.104780194424,20.27690257783847,429.9706807765725,1,0
6746.414201571984,40.472816698010156,858.224005455765,2,0
6678.779324953981,60.50708897108449,1283.0497230449873,3,0
6584.473451788016,80.299734569955,1702.7517593814948,4,0
6463.877548348887,99.77176758611303,2115.655222320254,5,0
6317.478600705362,118.84552670528979,2520.113307669256,6,0
6145.867514885683,137.4449946906201,2914.51407381364,7,0
5949.736573467533,155.49611020222963,3297.287053834077,8,0
5729.876462115454,172.92707053221042,3666.9096749864157,9,0
5487.172881772177,189.66862389276972,4021.9134566569164,10,0
5222.6027642630925,205.654349962272,4360.889959326705,11,0
4937.23011098019,220.82092746820962,4682.496458654957,12,0
4632.201476060476,235.10838766705027,4985.46132050609,13,0
4308.741117053047,248.46035266756718,5268.589054583767,14,0
3968.145837470324,260.8242576357853,5530.765026275411,15,0
3611.7795468360314,272.1515560151522,5770.95980833541,16,0
3241.067564871282,282.3979069940571,5988.233156124266,17,0
2857.4906972990652,291.5233445534512,6181.737592254719,18,0
2462.5791113967007,299.49242752916257,6350.7215886554595,19,0
2057.906039888334,306.27437022568006,6494.532336229717,20,0
1645.081342049526,311.8431532198608,6612.618094442209,21,0
1225.7449509998787,316.17761409341614,6704.53011529686,22,0
801.5602360955027,319.2615179314105,6769.924138253854,23,0
374.2073091101276,321.0836075197196,6808.561454664174,24,0
-54.623697477652634,321.6376332668296,6820.309542259811,25,0
-483.23935228118603,320.9223629640144,6805.142272117829,26,0
-909.9496197094132,318.9415715823594,6763.139692306779,27,0
-1333.0745011438116,315.7040113849472,6694.487394117118,28,0
-1750.9505969976874,311.2233627075114,6599.475468367505,29,0
-2161.9375649946437,305.51816583079045,6478.497060761545,30,0
-2564.4244510030244,298.61173443255825,6332.046536642532,31,0
-2956.8358698228776,290.5320511668085,6160.717266755404,32,0
-3337.638014428609,281.3116459718536,5965.199046776204,33,0
-3705.344473313142,270.98745775822687,5746.275164411141,34,0
-4058.521836746094,259.60068017140304,5504.819128802968,35,0
-4395.795073940571,247.19659216363158,5241.791077815381,36,0
-4715.852664309951,233.8243741438649,4958.233879501676,37,0
-5017.4514671810775,219.53691050509315,4655.268944706981,38,0
-5299.421315504907,204.390579354687,4334.091768310951,39,0
-5560.66932026587,188.44503029586878,3995.967217095241,40,0
-5800.183873430048,171.76295112756316,3642.2245826257877,41,0
-6017.038338388251,154.40982434588975,3274.252417879426,42,0
-6210.394417938604,136.45367434384676,2893.4931766261357,43,0
-6379.505190914469,117.96480621656491,2501.4376748078153,44,0
-6523.717809595463,99.01553708826023,2099.6193933400846,45,0
-6642.475851043212,79.67992088394531,1689.608641910511,46,0
-6735.321316480344,60.03346747434431,1273.0066034609158,47,0
-6801.896273782635,40.15285712661337,851.4392791295254,48,0
-6841.944139083523,20.115651196521302,426.55135349347535,49,0
-6855.3105944,3.95474395580652e-14,8.386014305920835e-13,50,0
-6841.944139083523,-20.11565119652116,-426.55135349347233,51,0
-6801.896273782637,-40.15285712661281,-851.4392791295134,52,0
-6735.321316480344,-60.03346747434418,-1273.006603460913,53,0
-6642.475851043215,-79.67992088394489,-1689.608641910502,54,0
-6523.717809595466,-99.01553708825995,-2099.6193933400787,55,0
-6379.505190914469,-117.96480621656477,-2501.4376748078125,56,0
-6210.394417938606,-136.45367434384653,-2893.4931766261307,57,0
-6017.038338388251,-154.40982434588975,-3274.252417879426,58,0
-5800.183873430053,-171.76295112756281,-3642.2245826257804,59,0
-5560.66932026587,-188.44503029586878,-3995.967217095241,60,0
-5299.421315504907,-204.390579354687,-4334.091768310951,61,0
-5017.4514671810775,-219.53691050509315,-4655.268944706981,62,0
-4715.852664309954,-233.82437414386482,-4958.233879501674,63,0
-4395.7950739405605,-247.19659216363192,-5241.791077815388,64,0
-4058.5218367461034,-259.6006801714027,-5504.819128802961,65,0
-3705.3444733131387,-270.9874577582269,-5746.275164411143,66,0
-3337.6380144286118,-281.31164597185347,-5965.1990467762025,67,0
-2956.835869822875,-290.53205116680857,-6160.717266755406,68,0
-2564.4244510030285,-298.61173443255814,-6332.04653664253,69,0
-2161.9375649946514,-305.5181658307903,-6478.497060761541,70,0
-1750.9505969976947,-311.2233627075113,-6599.475468367502,71,0
-1333.07450114381,-315.7040113849472,-6694.487394117118,72,0
-909.9496197094254,-318.94157158235936,-6763.139692306778,73,0
-483.2393522811982,-320.9223629640143,-6805.142272117828,74,0
-54.62369747765414,-321.6376332668296,-6820.309542259811,75,0
374.20730911012157,-321.08360751971964,-6808.561454664175,76,0
801.5602360954996,-319.2615179314105,-6769.924138253854,77,0
1225.7449509998758,-316.17761409341614,-6704.53011529686,78,0
1645.081342049529,-311.8431532198608,-6612.618094442209,79,0
2057.9060398883307,-306.2743702256801,-6494.532336229718,80,0
2462.5791113966975,-299.4924275291626,-6350.72158865546,81,0
2857.4906972990607,-291.52334455345124,-6181.737592254721,82,0
3241.067564871287,-282.39790699405694,-5988.233156124263,83,0
3611.7795468360305,-272.15155601515227,-5770.959808335411,84,0
3968.145837470315,-260.8242576357857,-5530.76502627542,85,0
4308.741117053045,-248.4603526675672,-5268.589054583768,86,0
4632.201476060469,-235.10838766705055,-4985.461320506096,87,0
4937.230110980178,-220.82092746821021,-4682.4964586549695,88,0
5222.60276426309,-205.65434996227208,-4360.889959326707,89,0
5487.172881772175,-189.66862389276983,-4021.913456656919,90,0
5729.87646211545,-172.9270705322107,-3666.9096749864216,91,0
5949.736573467531,-155.49611020222986,-3297.2870538340817,92,0
6145.867514885681,-137.44499469062038,-2914.5140738136465,93,0
6317.478600705364,-118.8455267052894,-2520.113307669248,94,0
6463.8775483488835,-99.77176758611347,-2115.6552223202634,95,0
6584.473451788012,-80.29973456995543,-1702.7517593815037,96,0
6678.779324953978,-60.507088971084976,-1283.0497230449976,97,0
6746.414201571984,-40.47281669801032,-858.2240054557683,98,0
6787.104780194424,-20.276902577838452,-429.97068077657207,99,0
6800.686605599999,0.0,0.0,0,1
6787.104780194424,20.27690257783847,429.9706807765725,1,1
6746.414201571984,40.472816698010156,858.224005455765,2,1
6678.779324953981,60.50708897108449,1283.0497230449873,3,1
6584.473451788016,80.299734569955,1702.7517593814948,4,1
6463.877548348887,99.77176758611303,2115.655222320254,5,1
6317.478600705362,118.84552670528979,2520.113307669256,6,1
6145.867514885683,137.4449946906201,2914.51407381364,7,1
5949.736573467533,155.49611020222963,3297.287053834077,8,1
5729.876462115454,172.92707053221042,3666.9096749864157,9,1
5487.172881772177,189.66862389276972,4021.9134566569164,10,1
5222.6027642630925,205.654349962272,4360.889959326705,11,1
4937.23011098019,220.82092746820962,4682.496458654957,12,1
4632.201476060476,235.10838766705027,4985.46132050609,13,1
4308.741117053047,248.46035266756718,5268.589054583767,14,1
3968.145837470324,260.8242576357853,5530.765026275411,15,1
3611.7795468360314,272.1515560151522,5770.95980833541,16,1
3241.067564871282,282.3979069940571,5988.233156124266,17,1
2857.4906972990652,291.5233445534512,6181.737592254719,18,1
2462.5791113967007,299.49242752916257,6350.7215886554595,19,1
2057.906039888334,306.27437022568006,6494.532336229717,20,1
1645.081342049526,311.8431532198608,6612.618094442209,21,1
1225.7449509998787,316.17761409341614,6704.53011529686,22,1
801.5602360955027,319.2615179314105,6769.924138253854,23,1
374.2073091101276,321.0836075197196,6808.561454664174,24,1
-54.623697477652634,321.6376332668296,6820.309542259811,25,1
-483.23935228118603,320.9223629640144,6805.142272117829,26,1
-909.9496197094132,318.9415715823594,6763.139692306779,27,1
-1333.0745011438116,315.7040113849472,6694.487394117118,28,1
-1750.9505969976874,311.2233627075114,6599.475468367505,29,1
-2161.9375649946437,305.51816583079045,6478.497060761545,30,1
-2564.4244510030244,298.61173443255825,6332.046536642532,31,1
-2956.8358698228776,290.5320511668085,6160.717266755404,32,1
-3337.638014428609,281.3116459718536,5965.199046776204,33,1
-3705.344473313142,270.98745775822687,5746.275164411141,34,1
-4058.521836746094,259.60068017140304,5504.819128802968,35,1
-4395.795073940571,247.19659216363158,5241.791077815381,36,1
-4715.852664309951,233.8243741438649,4958.233879501676,37,1
-5017.4514671810775,219.53691050509315,4655.268944706981,38,1
-5299.421315504907,204.390579354687,4334.091768310951,39,1
-5560.66932026587,188.44503029586878,3995.967217095241,40,1
-5800.183873430048,171.76295112756316,3642.2245826257877,41,1
-6017.038338388251,154.40982434588975,3274.252417879426,42,1
-6210.394417938604,136.45367434384676,2893.4931766261357,43,1
-6379.505190914469,117.96480621656491,2501.4376748078153,44,1
-6523.717809595463,99.01553708826023,2099.6193933400846,45,1
-6642.475851043212,79.67992088394531,1689.608641910511,46,1
-6735.321316480344,60.03346747434431,1273.0066034609158,47,1
-6801.896273782635,40.15285712661337,851.4392791295254,48,1
-6841.944139083523,20.115651196521302,426.55135349347535,49,1
-6855.3105944,3.95474395580652e-14,8.386014305920835e-13,50,1
-6841.944139083523,-20.11565119652116,-426.55135349347233,51,1
-6801.896273782637,-40.15285712661281,-851.4392791295134,52,1
-6735.321316480344,-60.03346747434418,-1273.006603460913,53,1
-6642.475851043215,-79.67992088394489,-1689.608641910502,54,1
-6523.717809595466,-99.01553708825995,-2099.6193933400787,55,1
-6379.505190914469,-117.96480621656477,-2501.4376748078125,56,1
-6210.394417938606,-136.45367434384653,-2893.4931766261307,57,1
-6017.038338388251,-154.40982434588975,-3274.252417879426,58,1
-5800.183873430053,-171.76295112756281,-3642.2245826257804,59,1
-5560.66932026587,-188.44503029586878,-3995.967217095241,60,1
-5299.421315504907,-204.390579354687,-4334.091768310951,61,1
-5017.4514671810775,-219.53691050509315,-4655.268944706981,62,1
-4715.852664309954,-233.82437414386482,-4958.233879501674,63,1
-4395.7950739405605,-247.19659216363192,-5241.791077815388,64,1
-4058.5218367461034,-259.6006801714027,-5504.819128802961,65,1
-3705.3444733131387,-270.9874577582269,-5746.275164411143,66,1
-3337.6380144286118,-281.31164597185347,-5965.1990467762025,67,1
-2956.835869822875,-290.53205116680857,-6160.717266755406,68,1
-2564.4244510030285,-298.61173443255814,-6332.04653664253,69,1
-2161.9375649946514,-305.5181658307903,-6478.497060761541,70,1
-1750.9505969976947,-311.2233627075113,-6599.475468367502,71,1
-1333.07450114381,-315.7040113849472,-6694.487394117118,72,1
-909.9496197094254,-318.94157158235936,-6763.139692306778,73,1
-483.2393522811982,-320.9223629640143,-6805.142272117828,74,1
-54.62369747765414,-321.6376332668296,-6820.309542259811,75,1
374.20730911012157,-321.08360751971964,-6808.561454664175,76,1
801.5602360954996,-319.2615179314105,-6769.924138253854,77,1
1225.7449509998758,-316.17761409341614,-6704.53011529686,78,1
1645.081342049529,-311.8431532198608,-6612.618094442209,79,1
2057.9060398883307,-306.2743702256801,-6494.532336229718,80,1
2462.5791113966975,-299.4924275291626,-6350.72158865546,81,1
2857.4906972990607,-291.52334455345124,-6181.737592254721,82,1
3241.067564871287,-282.39790699405694,-5988.233156124263,83,1
3611.7795468360305,-272.15155601515227,-5770.959808335411,84,1
3968.145837470315,-260.8242576357857,-5530.76502627542,85,1
4308.741117053045,-248.4603526675672,-5268.589054583768,86,1
4632.201476060469,-235.10838766705055,-4985.461320506096,87,1
4937.230110980178,-220.82092746821021,-4682.4964586549695,88,1
5222.60276426309,-205.65434996227208,-4360.889959326707,89,1
5487.172881772175,-189.66862389276983,-4021.913456656919,90,1
5729.87646211545,-172.9270705322107,-3666.9096749864216,91,1
5949.736573467531,-155.49611020222986,-3297.2870538340817,92,1
6145.867514885681,-137.44499469062038,-2914.5140738136465,93,1
6317.478600705364,-118.8455267052894,-2520.113307669248,94,1
6463.8775483488835,-99.77176758611347,-2115.6552223202634,95,1
6584.473451788012,-80.29973456995543,-1702.7517593815037,96,1
6678.779324953978,-60.507088971084976,-1283.0497230449976,97,1
6746.414201571984,-40.47281669801032,-858.2240054557683,98,1
6787.104780194424,-20.276902577838452,-429.97068077657207,99,1
6800.686605599999,0.0,0.0,0,2
6787.104780194424,20.27690257783847,429.9706807765725,1,2
6746.414201571984,40.472816698010156,858.224005455765,2,2
6678.779324953981,60.50708897108449,1283.0497230449873,3,2
6584.473451788016,80.299734569955,1702.7517593814948,4,2
6463.877548348887,99.77176758611303,2115.655222320254,5,2
6317.478600705362,118.84552670528979,2520.113307669256,6,2
6145.867514885683,137.4449946906201,2914.51407381364,7,2
5949.736573467533,155.49611020222963,3297.287053834077,8,2
5729.876462115454,172.92707053221042,3666.9096749864157,9,2
5487.172881772177,189.66862389276972,4021.9134566569164,10,2
5222.6027642630925,205.654349962272,4360.889959326705,11,2
4937.23011098019,220.82092746820962,4682.496458654957,12,2
4632.201476060476,235.10838766705027,4985.46132050609,13,2
4308.741117053047,248.46035266756718,5268.589054583767,14,2
3968.145837470324,260.8242576357853,5530.765026275411,15,2
3611.7795468360314,272.1515560151522,5770.95980833541,16,2
3241.067564871282,282.3979069940571,5988.233156124266,17,2
2857.4906972990652,291.5233445534512,6181.737592254719,18,2
2462.5791113967007,299.49242752916257,6350.7215886554595,19,2
2057.906039888334,306.27437022568006,6494.532336229717,20,2
1645.081342049526,311.8431532198608,6612.618094442209,21,2
1225.7449509998787,316.17761409341614,6704.53011529686,22,2
801.5602360955027,319.2615179314105,6769.924138253854,23,2
374.2073091101276,321.0836075197196,6808.561454664174,24,2
-54.623697477652634,321.6376332668296,6820.309542259811,25,2
-483.23935228118603,320.9223629640144,6805.142272117829,26,2
-909.9496197094132,318.9415715823594,6763.139692306779,27,2
-1333.0745011438116,315.7040113849472,6694.487394117118,28,2
-1750.9505969976874,311.2233627075114,6599.475468367505,29,2
-2161.9375649946437,305.51816583079045,6478.497060761545,30,2
-2564.4244510030244,298.61173443255825,6332.046536642532,31,2
-2956.8358698228776,290.5320511668085,6160.717266755404,32,2
-3337.638014428609,281.3116459718536,5965.199046776204,33,2
-3705.344473313142,270.98745775822687,5746.275164411141,34,2
-4058.521836746094,259.60068017140304,5504.819128802968,35,2
-4395.795073940571,247.19659216363158,5241.791077815381,36,2
-4715.852664309951,233.8243741438649,4958.233879501676,37,2
-5017.4514671810775,219.53691050509315,4655.268944706981,38,2
-5299.421315504907,204.390579354687,4334.091768310951,39,2
-5560.66932026587,188.44503029586878,3995.967217095241,40,2
-5800.183873430048,171.76295112756316,3642.2245826257877,41,2
-6017.038338388251,154.40982434588975,3274.252417879426,42,2
-6210.394417938604,136.45367434384676,2893.4931766261357,43,2
-6379.505190914469,117.96480621656491,2501.4376748078153,44,2
-6523.717809595463,99.01553708826023,2099.6193933400846,45,2
-6642.475851043212,79.67992088394531,1689.608641910511,46,2
-6735.321316480344,60.03346747434431,1273.0066034609158,47,2
-6801.896273782635,40.15285712661337,851.4392791295254,48,2
-6841.944139083523,20.115651196521302,426.55135349347535,49,2
-6855.3105944,3.95474395580652e-14,8.386014305920835e-13,50,2
-6841.944139083523,-20.11565119652116,-426.55135349347233,51,2
-6801.896273782637,-40.15285712661281,-851.4392791295134,52,2
-6735.321316480344,-60.03346747434418,-1273.006603460913,53,2
-6642.475851043215,-79.67992088394489,-1689.608641910502,54,2
-6523.717809595466,-99.01553708825995,-2099.6193933400787,55,2
-6379.505190914469,-117.96480621656477,-2501.4376748078125,56,2
-6210.394417938606,-136.45367434384653,-2893.4931766261307,57,2
-6017.038338388251,-154.40982434588975,-3274.252417879426,58,2
-5800.183873430053,-171.76295112756281,-3642.2245826257804,59,2
-5560.66932026587,-188.44503029586878,-3995.967217095241,60,2
-5299.421315504907,-204.390579354687,-4334.091768310951,61,2
-5017.4514671810775,-219.53691050509315,-4655.268944706981,62,2
-4715.852664309954,-233.82437414386482,-4958.233879501674,63,2
-4395.7950739405605,-247.19659216363192,-5241.791077815388,64,2
-4058.5218367461034,-259.6006801714027,-5504.819128802961,65,2
-3705.3444733131387,-270.9874577582269,-5746.275164411143,66,2
-3337.6380144286118,-281.31164597185347,-5965.1990467762025,67,2
-2956.835869822875,-290.53205116680857,-6160.717266755406,68,2
-2564.4244510030285,-298.61173443255814,-6332.04653664253,69,2
-2161.9375649946514,-305.5181658307903,-6478.497060761541,70,2
-1750.9505969976947,-311.2233627075113,-6599.475468367502,71,2
-1333.07450114381,-315.7040113849472,-6694.487394117118,72,2
-909.9496197094254,-318.94157158235936,-6763.139692306778,73,2
-483.2393522811982,-320.9223629640143,-6805.142272117828,74,2
-54.62369747765414,-321.6376332668296,-6820.309542259811,75,2
374.20730911012157,-321.08360751971964,-6808.561454664175,76,2
801.5602360954996,-319.2615179314105,-6769.924138253854,77,2
1225.7449509998758,-316.17761409341614,-6704.53011529686,78,2
1645.081342049529,-311.8431532198608,-6612.618094442209,79,2
2057.9060398883307,-306.2743702256801,-6494.532336229718,80,2
2462.5791113966975,-299.4924275291626,-6350.72158865546,81,2
2857.4906972990607,-291.52334455345124,-6181.737592254721,82,2
3241.067564871287,-282.39790699405694,-5988.233156124263,83,2
3611.7795468360305,-272.15155601515227,-5770.959808335411,84,2
3968.145837470315,-260.8242576357857,-5530.76502627542,85,2
4308.741117053045,-248.4603526675672,-5268.589054583768,86,2
4632.201476060469,-235.10838766705055,-4985.461320506096,87,2
4937.230110980178,-220.82092746821021,-4682.4964586549695,88,2
5222.60276426309,-205.65434996227208,-4360.889959326707,89,2
5487.172881772175,-189.66862389276983,-4021.913456656919,90,2
5729.87646211545,-172.9270705322107,-3666.9096749864216,91,2
5949.736573467531,-155.49611020222986,-3297.2870538340817,92,2
6145.867514885681,-137.44499469062038,-2914.5140738136465,93,2
6317.478600705364,-118.8455267052894,-2520.113307669248,94,2
6463.8775483488835,-99.77176758611347,-2115.6552223202634,95,2
6584.473451788012,-80.29973456995543,-1702.7517593815037,96,2
6678.779324953978,-60.507088971084976,-1283.0497230449976,97,2
6746.414201571984,-40.47281669801032,-858.2240054557683,98,2
6787.104780194424,-20.276902577838452,-429.97068077657207,99,2
6800.686605599999,0.0,0.0,0,3
6787.104780194424,20.27690257783847,429.9706807765725,1,3
6746.414201571984,40.472816698010156,858.224005455765,2,3
6678.779324953981,60.50708897108449,1283.0497230449873,3,3
6584.473451788016,80.299734569955,1702.7517593814948,4,3
6463.877548348887,99.77176758611303,2115.655222320254,5,3
6317.478600705362,118.84552670528979,2520.113307669256,6,3
6145.867514885683,137.4449946906201,2914.51407381364,7,3
5949.736573467533,155.49611020222963,3297.287053834077,8,3
5729.876462115454,172.92707053221042,3666.9096749864157,9,3
5487.172881772177,189.66862389276972,4021.9134566569164,10,3
5222.6027642630925,205.654349962272,4360.889959326705,11,3
4937.23011098019,220.82092746820962,4682.496458654957,12,3
4632.201476060476,235.10838766705027,4985.46132050609,13,3
4308.741117053047,248.46035266756718,5268.589054583767,14,3
3968.145837470324,260.8242576357853,5530.765026275411,15,3
3611.7795468360314,272.1515560151522,5770.95980833541,16,3
3241.067564871282,282.3979069940571,5988.233156124266,17,3
2857.4906972990652,291.5233445534512,6181.737592254719,18,3
2462.5791113967007,299.49242752916257,6350.7215886554595,19,3
2057.906039888334,306.27437022568006,6494.532336229717,20,3
1645.081342049526,311.8431532198608,6612.618094442209,21,3
1225.7449509998787,316.17761409341614,6704.53011529686,22,3
801.5602360955027,319.2615179314105,6769.924138253854,23,3
374.2073091101276,321.0836075197196,6808.561454664174,24,3
-54.623697477652634,321.6376332668296,6820.309542259811,25,3
-483.23935228118603,320.9223629640144,6805.142272117829,26,3
-909.9496197094132,318.9415715823594,6763.139692306779,27,3
-1333.0745011438116,315.7040113849472,6694.487394117118,28,3
-1750.9505969976874,311.2233627075114,6599.475468367505,29,3
-2161.9375649946437,305.51816583079045,6478.497060761545,30,3
-2564.4244510030244,298.61173443255825,6332.046536642532,31,3
-2956.8358698228776,290.5320511668085,6160.717266755404,32,3
-3337.638014428609,281.3116459718536,5965.199046776204,33,3
-3705.344473313142,270.98745775822687,5746.275164411141,34,3
-4058.521836746094,259.60068017140304,5504.819128802968,35,3
-4395.795073940571,247.19659216363158,5241.791077815381,36,3
-4715.852664309951,233.8243741438649,4958.233879501676,37,3
-5017.4514671810775,219.53691050509315,4655.268944706981,38,3
-5299.421315504907,204.390579354687,4334.091768310951,39,3
-5560.66932026587,188.44503029586878,3995.967217095241,40,3
-5800.183873430048,171.76295112756316,3642.2245826257877,41,3
-6017.038338388251,154.40982434588975,3274.252417879426,42,3
-6210.394417938604,136.45367434384676,2893.4931766261357,43,3
-6379.505190914469,117.96480621656491,2501.4376748078153,44,3
-6523.717809595463,99.01553708826023,2099.6193933400846,45,3
-6642.475851043212,79.67992088394531,1689.608641910511,46,3
-6735.321316480344,60.03346747434431,1273.0066034609158,47,3
-6801.896273782635,40.15285712661337,851.4392791295254,48,3
-6841.944139083523,20.115651196521302,426.55135349347535,49,3
-6855.3105944,3.95474395580652e-14,8.386014305920835e-13,50,3
-6841.944139083523,-20.11565119652116,-426.55135349347233,51,3
-6801.896273782637,-40.15285712661281,-851.4392791295134,52,3
-6735.321316480344,-60.03346747434418,-1273.006603460913,53,3
-6642.475851043215,-79.67992088394489,-1689.608641910502,54,3
-6523.717809595466,-99.01553708825995,-2099.6193933400787,55,3
-6379.505190914469,-117.96480621656477,-2501.4376748078125,56,3
-6210.394417938606,-136.45367434384653,-2893.4931766261307,57,3
-6017.038338388251,-154.40982434588975,-3274.252417879426,58,3
-5800.183873430053,-171.76295112756281,-3642.2245826257804,59,3
-5560.66932026587,-188.44503029586878,-3995.967217095241,60,3
-5299.421315504907,-204.390579354687,-4334.091768310951,61,3
-5017.4514671810775,-219.53691050509315,-4655.268944706981,62,3
-4715.852664309954,-233.82437414386482,-4958.233879501674,63,3
-4395.7950739405605,-247.19659216363192,-5241.791077815388,64,3
-4058.5218367461034,-259.6006801714027,-5504.819128802961,65,3
-3705.3444733131387,-270.9874577582269,-5746.275164411143,66,3
-3337.6380144286118,-281.31164597185347,-5965.1990467762025,67,3
-2956.835869822875,-290.53205116680857,-6160.717266755406,68,3
-2564.4244510030285,-298.61173443255814,-6332.04653664253,69,3
-2161.9375649946514,-305.5181658307903,-6478.497060761541,70,3
-1750.9505969976947,-311.2233627075113,-6599.475468367502,71,3
-1333.07450114381,-315.7040113849472,-6694.487394117118,72,3
-909.9496197094254,-318.94157158235936,-6763.139692306778,73,3
-483.2393522811982,-320.9223629640143,-6805.142272117828,74,3
-54.62369747765414,-321.6376332668296,-6820.309542259811,75,3
374.20730911012157,-321.08360751971964,-6808.561454664175,76,3
801.5602360954996,-319.2615179314105,-6769.924138253854,77,3
1225.7449509998758,-316.17761409341614,-6704.53011529686,78,3
1645.081342049529,-311.8431532198608,-6612.618094442209,79,3
2057.9060398883307,-306.2743702256801,-6494.532336229718,80,3
2462.5791113966975,-299.4924275291626,-6350.72158865546,81,3
2857.4906972990607,-291.52334455345124,-6181.737592254721,82,3
3241.067564871287,-282.39790699405694,-5988.233156124263,83,3
3611.7795468360305,-272.15155601515227,-5770.959808335411,84,3
3968.145837470315,-260.8242576357857,-5530.76502627542,85,3
4308.741117053045,-248.4603526675672,-5268.589054583768,86,3
4632.201476060469,-235.10838766705055,-4985.461320506096,87,3
4937.230110980178,-220.82092746821021,-4682.4964586549695,88,3
5222.60276426309,-205.65434996227208,-4360.889959326707,89,3
5487.172881772175,-189.66862389276983,-4021.913456656919,90,3
5729.87646211545,-172.9270705322107,-3666.9096749864216,91,3
5949.736573467531,-155.49611020222986,-3297.2870538340817,92,3
6145.867514885681,-137.44499469062038,-2914.5140738136465,93,3
6317.478600705364,-118.8455267052894,-2520.113307669248,94,3
6463.8775483488835,-99.77176758611347,-2115.6552223202634,95,3
6584.473451788012,-80.29973456995543,-1702.7517593815037,96,3
6678.779324953978,-60.507088971084976,-1283.0497230449976,97,3
6746.414201571984,-40.47281669801032,-858.2240054557683,98,3
6787.104780194424,-20.276902577838452,-429.97068077657207,99,3
6800.686605599999,0.0,0.0,0,4
6787.104780194424,20.27690257783847,429.9706807765725,1,4
6746.414201571984,40.472816698010156,858.224005455765,2,4
6678.779324953981,60.50708897108449,1283.0497230449873,3,4
6584.473451788016,80.299734569955,1702.7517593814948,4,4
6463.877548348887,99.77176758611303,2115.655222320254,5,4
6317.478600705362,118.84552670528979,2520.113307669256,6,4
6145.867514885683,137.4449946906201,2914.51407381364,7,4
5949.736573467533,155.49611020222963,3297.287053834077,8,4
5729.876462115454,172.92707053221042,3666.9096749864157,9,4
5487.172881772177,189.66862389276972,4021.9134566569164,10,4
5222.6027642630925,205.654349962272,4360.889959326705,11,4
4937.23011098019,220.82092746820962,4682.496458654957,12,4
4632.201476060476,235.10838766705027,4985.46132050609,13,4
4308.741117053047,248.46035266756718,5268.589054583767,14,4
3968.145837470324,260.8242576357853,5530.765026275411,15,4
3611.7795468360314,272.1515560151522,5770.95980833541,16,4
3241.067564871282,282.3979069940571,5988.233156124266,17,4
2857.4906972990652,291.5233445534512,6181.737592254719,18,4
2462.5791113967007,299.49242752916257,6350.7215886554595,19,4
2057.906039888334,306.27437022568006,6494.532336229717,20,4
1645.081342049526,311.8431532198608,6612.618094442209,21,4
1225.7449509998787,316.17761409341614,6704.53011529686,22,4
801.5602360955027,319.2615179314105,6769.924138253854,23,4
374.2073091101276,321.0836075197196,6808.561454664174,24,4
-54.623697477652634,321.6376332668296,6820.309542259811,25,4
-483.23935228118603,320.9223629640144,6805.142272117829,26,4
-909.9496197094132,318.9415715823594,6763.139692306779,27,4
-1333.0745011438116,315.7040113849472,6694.487394117118,28,4
-1750.9505969976874,311.2233627075114,6599.475468367505,29,4
-2161.9375649946437,305.51816583079045,6478.497060761545,30,4
-2564.4244510030244,298.61173443255825,6332.046536642532,31,4
-2956.8358698228776,290.5320511668085,6160.717266755404,32,4
-3337.638014428609,281.3116459718536,5965.199046776204,33,4
-3705.344473313142,270.98745775822687,5746.275164411141,34,4
-4058.521836746094,259.60068017140304,5504.819128802968,35,4
-4395.795073940571,247.19659216363158,5241.791077815381,36,4
-4715.852664309951,233.8243741438649,4958.233879501676,37,4
-5017.4514671810775,219.53691050509315,4655.268944706981,38,4
-5299.421315504907,204.390579354687,4334.091768310951,39,4
-5560.66932026587,188.44503029586878,3995.967217095241,40,4
-5800.183873430048,171.76295112756316,3642.2245826257877,41,4
-6017.038338388251,154.40982434588975,3274.252417879426,42,4
-6210.394417938604,136.45367434384676,2893.4931766261357,43,4
-6379.505190914469,117.96480621656491,2501.4376748078153,44,4
-6523.717809595463,99.01553708826023,2099.6193933400846,45,4
-6642.475851043212,79.67992088394531,1689.608641910511,46,4
-6735.321316480344,60.03346747434431,1273.0066034609158,47,4
-6801.896273782635,40.15285712661337,851.4392791295254,48,4
-6841.944139083523,20.115651196521302,426.55135349347535,49,4
-6855.3105944,3.95474395580652e-14,8.386014305920835e-13,50,4
-6841.944139083523,-20.11565119652116,-426.55135349347233,51,4
-6801.896273782637,-40.15285712661281,-851.4392791295134,52,4
-6735.321316480344,-60.03346747434418,-1273.006603460913,53,4
-6642.475851043215,-79.67992088394489,-1689.608641910502,54,4
-6523.717809595466,-99.01553708825995,-2099.6193933400787,55,4
-6379.505190914469,-117.96480621656477,-2501.4376748078125,56,4
-6210.394417938606,-136.45367434384653,-2893.4931766261307,57,4
-6017.038338388251,-154.40982434588975,-3274.252417879426,58,4
-5800.183873430053,-171.76295112756281,-3642.2245826257804,59,4
-5560.66932026587,-188.44503029586878,-3995.967217095241,60,4
-5299.421315504907,-204.390579354687,-4334.091768310951,61,4
-5017.4514671810775,-219.53691050509315,-4655.268944706981,62,4
-4715.852664309954,-233.82437414386482,-4958.233879501674,63,4
-4395.7950739405605,-247.19659216363192,-5241.791077815388,64,4
-4058.5218367461034,-259.6006801714027,-5504.819128802961,65,4
-3705.3444733131387,-270.9874577582269,-5746.275164411143,66,4
-3337.6380144286118,-281.31164597185347,-5965.1990467762025,67,4
-2956.835869822875,-290.53205116680857,-6160.717266755406,68,4
-2564.4244510030285,-298.61173443255814,-6332.04653664253,69,4
-2161.9375649946514,-305.5181658307903,-6478.497060761541,70,4
-1750.9505969976947,-311.2233627075113,-6599.475468367502,71,4
-1333.07450114381,-315.7040113849472,-6694.487394117118,72,4
-909.9496197094254,-318.94157158235936,-6763.139692306778,73,4
-483.2393522811982,-320.9223629640143,-6805.142272117828,74,4
-54.62369747765414,-321.6376332668296,-6820.309542259811,75,4
374.20730911012157,-321.08360751971964,-6808.561454664175,76,4
801.5602360954996,-319.2615179314105,-6769.924138253854,77,4
1225.7449509998758,-316.17761409341614,-6704.53011529686,78,4
1645.081342049529,-311.8431532198608,-6612.618094442209,79,4
2057.9060398883307,-306.2743702256801,-6494.532336229718,80,4
2462.5791113966975,-299.4924275291626,-6350.72158865546,81,4
2857.4906972990607,-291.52334455345124,-6181.737592254721,82,4
3241.067564871287,-282.39790699405694,-5988.233156124263,83,4
3611.7795468360305,-272.15155601515227,-5770.959808335411,84,4
3968.145837470315,-260.8242576357857,-5530.76502627542,85,4
4308.741117053045,-248.4603526675672,-5268.589054583768,86,4
4632.201476060469,-235.10838766705055,-4985.461320506096,87,4
4937.230110980178,-220.82092746821021,-4682.4964586549695,88,4
5222.60276426309,-205.65434996227208,-4360.889959326707,89,4
5487.172881772175,-189.66862389276983,-4021.913456656919,90,4
5729.87646211545,-172.9270705322107,-3666.9096749864216,91,4
5949.736573467531,-155.49611020222986,-3297.2870538340817,92,4
6145.867514885681,-137.44499469062038,-2914.5140738136465,93,4
6317.478600705364,-118.8455267052894,-2520.113307669248,94,4
6463.8775483488835,-99.77176758611347,-2115.6552223202634,95,4
6584.473451788012,-80.29973456995543,-1702.7517593815037,96,4
6678.779324953978,-60.507088971084976,-1283.0497230449976,97,4
6746.414201571984,-40.47281669801032,-858.2240054557683,98,4
6787.104780194424,-20.276902577838452,-429.97068077657207,99,4
6800.686605599999,0.0,0.0,0,5
6787.104780194424,20.27690257783847,429.9706807765725,1,5
6746.414201571984,40.472816698010156,858.224005455765,2,5
6678.779324953981,60.50708897108449,1283.0497230449873,3,5
6584.473451788016,80.299734569955,1702.7517593814948,4,5
6463.877548348887,99.77176758611303,2115.655222320254,5,5
6317.478600705362,118.84552670528979,2520.113307669256,6,5
6145.867514885683,137.4449946906201,2914.51407381364,7,5
5949.736573467533,155.49611020222963,3297.287053834077,8,5
5729.876462115454,172.92707053221042,3666.9096749864157,9,5
5487.172881772177,189.66862389276972,4021.9134566569164,10,5
5222.6027642630925,205.654349962272,4360.889959326705,11,5
4937.23011098019,220.82092746820962,4682.496458654957,12,5
4632.201476060476,235.10838766705027,4985.46132050609,13,5
4308.741117053047,248.46035266756718,5268.589054583767,14,5
3968.145837470324,260.8242576357853,5530.765026275411,15,5
3611.7795468360314,272.1515560151522,5770.95980833541,16,5
3241.067564871282,282.3979069940571,5988.233156124266,17,5
2857.4906972990652,291.5233445534512,6181.737592254719,18,5
2462.5791113967007,299.49242752916257,6350.7215886554595,19,5
2057.906039888334,306.27437022568006,6494.532336229717,20,5
1645.081342049526,311.8431532198608,6612.618094442209,21,5
1225.7449509998787,316.17761409341614,6704.53011529686,22,5
801.5602360955027,319.2615179314105,6769.924138253854,23,5
374.2073091101276,321.0836075197196,6808.561454664174,24,5
-54.623697477652634,321.6376332668296,6820.309542259811,25,5
-483.23935228118603,320.9223629640144,6805.142272117829,26,5
-909.9496197094132,318.9415715823594,6763.139692306779,27,5
-1333.0745011438116,315.7040113849472,6694.487394117118,28,5
-1750.9505969976874,311.2233627075114,6599.475468367505,29,5
-2161.9375649946437,305.51816583079045,6478.497060761545,30,5
-2564.4244510030244,298.61173443255825,6332.046536642532,31,5
-2956.8358698228776,290.5320511668085,6160.717266755404,32,5
-3337.638014428609,281.3116459718536,5965.199046776204,33,5
-3705.344473313142,270.98745775822687,5746.275164411141,34,5
-4058.521836746094,259.60068017140304,5504.819128802968,35,5
-4395.795073940571,247.19659216363158,5241.791077815381,36,5
-4715.852664309951,233.8243741438649,4958.233879501676,37,5
-5017.4514671810775,219.53691050509315,4655.268944706981,38,5
-5299.421315504907,204.390579354687,4334.091768310951,39,5
-5560.66932026587,188.44503029586878,3995.967217095241,40,5
-5800.183873430048,171.76295112756316,3642.2245826257877,41,5
-6017.038338388251,154.40982434588975,3274.252417879426,42,5
-6210.394417938604,136.45367434384676,2893.4931766261357,43,5
-6379.505190914469,117.96480621656491,2501.4376748078153,44,5
-6523.717809595463,99.01553708826023,2099.6193933400846,45,5
-6642.475851043212,79.67992088394531,1689.608641910511,46,5
-6735.321316480344,60.03346747434431,1273.0066034609158,47,5
-6801.896273782635,40.15285712661337,851.4392791295254,48,5
-6841.944139083523,20.115651196521302,426.55135349347535,49,5
-6855.3105944,3.95474395580652e-14,8.386014305920835e-13,50,5
-6841.944139083523,-20.11565119652116,-426.55135349347233,51,5
-6801.896273782637,-40.15285712661281,-851.4392791295134,52,5
-6735.321316480344,-60.03346747434418,-1273.006603460913,53,5
-6642.475851043215,-79.67992088394489,-1689.608641910502,54,5
-6523.717809595466,-99.01553708825995,-2099.6193933400787,55,5
-6379.505190914469,-117.96480621656477,-2501.4376748078125,56,5
-6210.394417938606,-136.45367434384653,-2893.4931766261307,57,5
-6017.038338388251,-154.40982434588975,-3274.252417879426,58,5
-5800.183873430053,-171.76295112756281,-3642.2245826257804,59,5
-5560.66932026587,-188.44503029586878,-3995.967217095241,60,5
-5299.421315504907,-204.390579354687,-4334.091768310951,61,5
-5017.4514671810775,-219.53691050509315,-4655.268944706981,62,5
-4715.852664309954,-233.82437414386482,-4958.233879501674,63,5
-4395.7950739405605,-247.19659216363192,-5241.791077815388,64,5
-4058.5218367461034,-259.6006801714027,-5504.819128802961,65,5
-3705.3444733131387,-270.9874577582269,-5746.275164411143,66,5
-3337.6380144286118,-281.31164597185347,-5965.1990467762025,67,5
-2956.835869822875,-290.53205116680857,-6160.717266755406,68,5
-2564.4244510030285,-298.61173443255814,-6332.04653664253,69,5
-2161.9375649946514,-305.5181658307903,-6478.497060761541,70,5
-1750.9505969976947,-311.2233627075113,-6599.475468367502,71,5
-1333.07450114381,-315.7040113849472,-6694.487394117118,72,5
-909.9496197094254,-318.94157158235936,-6763.139692306778,73,5
-483.2393522811982,-320.9223629640143,-6805.142272117828,74,5
-54.62369747765414,-321.6376332668296,-6820.309542259811,75,5
374.20730911012157,-321.08360751971964,-6808.561454664175,76,5
801.5602360954996,-319.2615179314105,-6769.924138253854,77,5
1225.7449509998758,-316.17761409341614,-6704.53011529686,78,5
1645.081342049529,-311.8431532198608,-6612.618094442209,79,5
2057.9060398883307,-306.2743702256801,-6494.532336229718,80,5
2462.5791113966975,-299.4924275291626,-6350.72158865546,81,5
2857.4906972990607,-291.52334455345124,-6181.737592254721,82,5
3241.067564871287,-282.39790699405694,-5988.233156124263,83,5
3611.7795468360305,-272.15155601515227,-5770.959808335411,84,5
3968.145837470315,-260.8242576357857,-5530.76502627542,85,5
4308.741117053045,-248.4603526675672,-5268.589054583768,86,5
4632.201476060469,-235.10838766705055,-4985.461320506096,87,5
4937.230110980178,-220.82092746821021,-4682.4964586549695,88,5
5222.60276426309,-205.65434996227208,-4360.889959326707,89,5
5487.172881772175,-189.66862389276983,-4021.913456656919,90,5
5729.87646211545,-172.9270705322107,-3666.9096749864216,91,5
5949.736573467531,-155.49611020222986,-3297.2870538340817,92,5
6145.867514885681,-137.44499469062038,-2914.5140738136465,93,5
6317.478600705364,-118.8455267052894,-2520.113307669248,94,5
6463.8775483488835,-99.77176758611347,-2115.6552223202634,95,5
6584.473451788012,-80.29973456995543,-1702.7517593815037,96,5
6678.779324953978,-60.507088971084976,-1283.0497230449976,97,5
6746.414201571984,-40.47281669801032,-858.2240054557683,98,5
6787.104780194424,-20.276902577838452,-429.97068077657207,99,5
6800.686605599999,0.0,0.0,0,6
6787.104780194424,20.27690257783847,429.9706807765725,1,6
6746.414201571984,40.472816698010156,858.224005455765,2,6
6678.779324953981,60.50708897108449,1283.0497230449873,3,6
6584.473451788016,80.299734569955,1702.7517593814948,4,6
6463.877548348887,99.77176758611303,2115.655222320254,5,6
6317.478600705362,118.84552670528979,2520.113307669256,6,6
6145.867514885683,137.4449946906201,2914.51407381364,7,6
5949.736573467533,155.49611020222963,3297.287053834077,8,6
5729.876462115454,172.92707053221042,3666.9096749864157,9,6
5487.172881772177,189.66862389276972,4021.9134566569164,10,6
5222.6027642630925,205.654349962272,4360.889959326705,11,6
4937.23011098019,220.82092746820962,4682.496458654957,12,6
4632.201476060476,235.10838766705027,4985.46132050609,13,6
4308.741117053047,248.46035266756718,5268.589054583767,14,6
3968.145837470324,260.8242576357853,5530.765026275411,15,6
3611.7795468360314,272.1515560151522,5770.95980833541,16,6
3241.067564871282,282.3979069940571,5988.233156124266,17,6
2857.4906972990652,291.5233445534512,6181.737592254719,18,6
2462.5791113967007,299.49242752916257,6350.7215886554595,19,6
2057.906039888334,306.27437022568006,6494.532336229717,20,6
1645.081342049526,311.8431532198608,6612.618094442209,21,6
1225.7449509998787,316.17761409341614,6704.53011529686,22,6
801.5602360955027,319.2615179314105,6769.924138253854,23,6
374.2073091101276,321.0836075197196,6808.561454664174,24,6
-54.623697477652634,321.6376332668296,6820.309542259811,25,6
-483.23935228118603,320.9223629640144,6805.142272117829,26,6
-909.9496197094132,318.9415715823594,6763.139692306779,27,6
-1333.0745011438116,315.7040113849472,6694.487394117118,28,6
-1750.9505969976874,311.2233627075114,6599.475468367505,29,6
-2161.9375649946437,305.51816583079045,6478.497060761545,30,6
-2564.4244510030244,298.61173443255825,6332.046536642532,31,6
-2956.8358698228776,290.5320511668085,6160.717266755404,32,6
-3337.638014428609,281.3116459718536,5965.199046776204,33,6
-3705.344473313142,270.98745775822687,5746.275164411141,34,6
-4058.521836746094,259.60068017140304,5504.819128802968,35,6
-4395.795073940571,247.19659216363158,5241.791077815381,36,6
-4715.852664309951,233.8243741438649,4958.233879501676,37,6
-5017.4514671810775,219.53691050509315,4655.268944706981,38,6
-5299.421315504907,204.390579354687,4334.091768310951,39,6
-5560.66932026587,188.44503029586878,3995.967217095241,40,6
-5800.183873430048,171.76295112756316,3642.2245826257877,41,6
-6017.038338388251,154.40982434588975,3274.252417879426,42,6
-6210.394417938604,136.45367434384676,2893.4931766261357,43,6
-6379.505190914469,117.96480621656491,2501.4376748078153,44,6
-6523.717809595463,99.01553708826023,2099.6193933400846,45,6
-6642.475851043212,79.67992088394531,1689.608641910511,46,6
-6735.321316480344,60.03346747434431,1273.0066034609158,47,6
-6801.896273782635,40.15285712661337,851.4392791295254,48,6
-6841.944139083523,20.115651196521302,426.55135349347535,49,6
-6855.3105944,3.95474395580652e-14,8.386014305920835e-13,50,6
-6841.944139083523,-20.11565119652116,-426.55135349347233,51,6
-6801.896273782637,-40.15285712661281,-851.4392791295134,52,6
-6735.321316480344,-60.03346747434418,-1273.006603460913,53,6
-6642.475851043215,-79.67992088394489,-1689.608641910502,54,6
-6523.717809595466,-99.01553708825995,-2099.6193933400787,55,6
-6379.505190914469,-117.96480621656477,-2501.4376748078125,56,6
-6210.394417938606,-136.45367434384653,-2893.4931766261307,57,6
-6017.038338388251,-154.40982434588975,-3274.252417879426,58,6
-5800.183873430053,-171.76295112756281,-3642.2245826257804,59,6
-5560.66932026587,-188.44503029586878,-3995.967217095241,60,6
-5299.421315504907,-204.390579354687,-4334.091768310951,61,6
-5017.4514671810775,-219.53691050509315,-4655.268944706981,62,6
-4715.852664309954,-233.82437414386482,-4958.233879501674,63,6
-4395.7950739405605,-247.19659216363192,-5241.791077815388,64,6
-4058.5218367461034,-259.6006801714027,-5504.819128802961,65,6
-3705.3444733131387,-270.9874577582269,-5746.275164411143,66,6
-3337.6380144286118,-281.31164597185347,-5965.1990467762025,67,6
-2956.835869822875,-290.53205116680857,-6160.717266755406,68,6
-2564.4244510030285,-298.61173443255814,-6332.04653664253,69,6
-2161.9375649946514,-305.5181658307903,-6478.497060761541,70,6
-1750.9505969976947,-311.2233627075113,-6599.475468367502,71,6
-1333.07450114381,-315.7040113849472,-6694.487394117118,72,6
-909.9496197094254,-318.94157158235936,-6763.139692306778,73,6
-483.2393522811982,-320.9223629640143,-6805.142272117828,74,6
-54.62369747765414,-321.6376332668296,-6820.309542259811,75,6
374.20730911012157,-321.08360751971964,-6808.561454664175,76,6
801.5602360954996,-319.2615179314105,-6769.924138253854,77,6
1225.7449509998758,-316.17761409341614,-6704.53011529686,78,6
1645.081342049529,-311.8431532198608,-6612.618094442209,79,6
2057.9060398883307,-306.2743702256801,-6494.532336229718,80,6
2462.5791113966975,-299.4924275291626,-6350.72158865546,81,6
2857.4906972990607,-291.52334455345124,-6181.737592254721,82,6
3241.067564871287,-282.39790699405694,-5988.233156124263,83,6
3611.7795468360305,-272.15155601515227,-5770.959808335411,84,6
3968.145837470315,-260.8242576357857,-5530.76502627542,85,6
4308.741117053045,-248.4603526675672,-5268.589054583768,86,6
4632.201476060469,-235.10838766705055,-4985.461320506096,87,6
4937.230110980178,-220.82092746821021,-4682.4964586549695,88,6
5222.60276426309,-205.65434996227208,-4360.889959326707,89,6
5487.172881772175,-189.66862389276983,-4021.913456656919,90,6
5729.87646211545,-172.9270705322107,-3666.9096749864216,91,6
5949.736573467531,-155.49611020222986,-3297.2870538340817,92,6
6145.867514885681,-137.44499469062038,-2914.5140738136465,93,6
6317.478600705364,-118.8455267052894,-2520.113307669248,94,6
6463.8775483488835,-99.77176758611347,-2115.6552223202634,95,6
6584.473451788012,-80.29973456995543,-1702.7517593815037,96,6
6678.779324953978,-60.507088971084976,-1283.0497230449976,97,6
6746.414201571984,-40.47281669801032,-858.2240054557683,98,6
6787.104780194424,-20.276902577838452,-429.97068077657207,99,6
6800.686605599999,0.0,0.0,0,7
6787.104780194424,20.27690257783847,429.9706807765725,1,7
6746.414201571984,40.472816698010156,858.224005455765,2,7
6678.779324953981,60.50708897108449,1283.0497230449873,3,7
6584.473451788016,80.299734569955,1702.7517593814948,4,7
6463.877548348887,99.77176758611303,2115.655222320254,5,7
6317.478600705362,118.84552670528979,2520.113307669256,6,7
6145.867514885683,137.4449946906201,2914.51407381364,7,7
5949.736573467533,155.49611020222963,3297.287053834077,8,7
5729.876462115454,172.92707053221042,3666.9096749864157,9,7
5487.172881772177,189.66862389276972,4021.9134566569164,10,7
5222.6027642630925,205.654349962272,4360.889959326705,11,7
4937.23011098019,220.82092746820962,4682.496458654957,12,7
4632.201476060476,235.10838766705027,4985.46132050609,13,7
4308.741117053047,248.46035266756718,5268.589054583767,14,7
3968.145837470324,260.8242576357853,5530.765026275411,15,7
3611.7795468360314,272.1515560151522,5770.95980833541,16,7
3241.067564871282,282.3979069940571,5988.233156124266,17,7
2857.4906972990652,291.5233445534512,6181.737592254719,18,7
2462.5791113967007,299.49242752916257,6350.7215886554595,19,7
2057.906039888334,306.27437022568006,6494.532336229717,20,7
1645.081342049526,311.8431532198608,6612.618094442209,21,7
1225.7449509998787,316.17761409341614,6704.53011529686,22,7
801.5602360955027,319.2615179314105,6769.924138253854,23,7
374.2073091101276,321.0836075197196,6808.561454664174,24,7
-54.623697477652634,321.6376332668296,6820.309542259811,25,7
-483.23935228118603,320.9223629640144,6805.142272117829,26,7
-909.9496197094132,318.9415715823594,6763.139692306779,27,7
-1333.0745011438116,315.7040113849472,6694.487394117118,28,7
-1750.9505969976874,311.2233627075114,6599.475468367505,29,7
-2161.9375649946437,305.51816583079045,6478.497060761545,30,7
-2564.4244510030244,298.61173443255825,6332.046536642532,31,7
-2956.8358698228776,290.5320511668085,6160.717266755404,32,7
-3337.638014428609,281.3116459718536,5965.199046776204,33,7
-3705.344473313142,270.98745775822687,5746.275164411141,34,7
-4058.521836746094,259.60068017140304,5504.819128802968,35,7
-4395.795073940571,247.19659216363158,5241.791077815381,36,7
-4715.852664309951,233.8243741438649,4958.233879501676,37,7
-5017.4514671810775,219.53691050509315,4655.268944706981,38,7
-5299.421315504907,204.390579354687,4334.091768310951,39,7
-5560.66932026587,188.44503029586878,3995.967217095241,40,7
-5800.183873430048,171.76295112756316,3642.2245826257877,41,7
-6017.038338388251,154.40982434588975,3274.252417879426,42,7
-6210.394417938604,136.45367434384676,2893.4931766261357,43,7
-6379.505190914469,117.96480621656491,2501.4376748078153,44,7
-6523.717809595463,99.01553708826023,2099.6193933400846,45,7
-6642.475851043212,79.67992088394531,1689.608641910511,46,7
-6735.321316480344,60.03346747434431,1273.0066034609158,47,7
-6801.896273782635,40.15285712661337,851.4392791295254,48,7
-6841.944139083523,20.115651196521302,426.55135349347535,49,7
-6855.3105944,3.95474395580652e-14,8.386014305920835e-13,50,7
-6841.944139083523,-20.11565119652116,-426.55135349347233,51,7
-6801.896273782637,-40.15285712661281,-851.4392791295134,52,7
-6735.321316480344,-60.03346747434418,-1273.006603460913,53,7
-6642.475851043215,-79.67992088394489,-1689.608641910502,54,7
-6523.717809595466,-99.01553708825995,-2099.6193933400787,55,7
-6379.505190914469,-117.96480621656477,-2501.4376748078125,56,7
-6210.394417938606,-136.45367434384653,-2893.4931766261307,57,7
-6017.038338388251,-154.40982434588975,-3274.252417879426,58,7
-5800.183873430053,-171.76295112756281,-3642.2245826257804,59,7
-5560.66932026587,-188.44503029586878,-3995.967217095241,60,7
-5299.421315504907,-204.390579354687,-4334.091768310951,61,7
-5017.4514671810775,-219.53691050509315,-4655.268944706981,62,7
-4715.852664309954,-233.82437414386482,-4958.233879501674,63,7
-4395.7950739405605,-247.19659216363192,-5241.791077815388,64,7
-4058.5218367461034,-259.6006801714027,-5504.819128802961,65,7
-3705.3444733131387,-270.9874577582269,-5746.275164411143,66,7
-3337.6380144286118,-281.31164597185347,-5965.1990467762025,67,7
-2956.835869822875,-290.53205116680857,-6160.717266755406,68,7
-2564.4244510030285,-298.61173443255814,-6332.04653664253,69,7
-2161.9375649946514,-305.5181658307903,-6478.497060761541,70,7
-1750.9505969976947,-311.2233627075113,-6599.475468367502,71,7
-1333.07450114381,-315.7040113849472,-6694.487394117118,72,7
-909.9496197094254,-318.94157158235936,-6763.139692306778,73,7
-483.2393522811982,-320.9223629640143,-6805.142272117828,74,7
-54.62369747765414,-321.6376332668296,-6820.309542259811,75,7
374.20730911012157,-321.08360751971964,-6808.561454664175,76,7
801.5602360954996,-319.2615179314105,-6769.924138253854,77,7
1225.7449509998758,-316.17761409341614,-6704.53011529686,78,7
1645.081342049529,-311.8431532198608,-6612.618094442209,79,7
2057.9060398883307,-306.2743702256801,-6494.532336229718,80,7
2462.5791113966975,-299.4924275291626,-6350.72158865546,81,7
2857.4906972990607,-291.52334455345124,-6181.737592254721,82,7
3241.067564871287,-282.39790699405694,-5988.233156124263,83,7
3611.7795468360305,-272.15155601515227,-5770.959808335411,84,7
3968.145837470315,-260.8242576357857,-5530.76502627542,85,7
4308.741117053045,-248.4603526675672,-5268.589054583768,86,7
4632.201476060469,-235.10838766705055,-4985.461320506096,87,7
4937.230110980178,-220.82092746821021,-4682.4964586549695,88,7
5222.60276426309,-205.65434996227208,-4360.889959326707,89,7
5487.172881772175,-189.66862389276983,-4021.913456656919,90,7
5729.87646211545,-172.9270705322107,-3666.9096749864216,91,7
5949.736573467531,-155.49611020222986,-3297.2870538340817,92,7
6145.867514885681,-137.44499469062038,-2914.5140738136465,93,7
6317.478600705364,-118.8455267052894,-2520.113307669248,94,7
6463.8775483488835,-99.77176758611347,-2115.6552223202634,95,7
6584.473451788012,-80.29973456995543,-1702.7517593815037,96,7
6678.779324953978,-60.507088971084976,-1283.0497230449976,97,7
6746.414201571984,-40.47281669801032,-858.2240054557683,98,7
6787.104780194424,-20.276902577838452,-429.97068077657207,99,7
6800.686605599999,0.0,0.0,0,8
6787.104780194424,20.27690257783847,429.9706807765725,1,8
6746.414201571984,40.472816698010156,858.224005455765,2,8
6678.779324953981,60.50708897108449,1283.0497230449873,3,8
6584.473451788016,80.299734569955,1702.7517593814948,4,8
6463.877548348887,99.77176758611303,2115.655222320254,5,8
6317.478600705362,118.84552670528979,2520.113307669256,6,8
6145.867514885683,137.4449946906201,2914.51407381364,7,8
5949.736573467533,155.49611020222963,3297.287053834077,8,8
5729.876462115454,172.92707053221042,3666.9096749864157,9,8
5487.172881772177,189.66862389276972,4021.9134566569164,10,8
5222.6027642630925,205.654349962272,4360.889959326705,11,8
4937.23011098019,220.82092746820962,4682.496458654957,12,8
4632.201476060476,235.10838766705027,4985.46132050609,13,8
4308.741117053047,248.46035266756718,5268.589054583767,14,8
3968.145837470324,260.8242576357853,5530.765026275411,15,8
3611.7795468360314,272.1515560151522,5770.95980833541,16,8
3241.067564871282,282.3979069940571,5988.233156124266,17,8
2857.4906972990652,291.5233445534512,6181.737592254719,18,8
2462.5791113967007,299.49242752916257,6350.7215886554595,19,8
2057.906039888334,306.27437022568006,6494.532336229717,20,8
1645.081342049526,311.8431532198608,6612.618094442209,21,8
1225.7449509998787,316.17761409341614,6704.53011529686,22,8
801.5602360955027,319.2615179314105,6769.924138253854,23,8
374.2073091101276,321.0836075197196,6808.561454664174,24,8
-54.623697477652634,321.6376332668296,6820.309542259811,25,8
-483.23935228118603,320.9223629640144,6805.142272117829,26,8
-909.9496197094132,318.9415715823594,6763.139692306779,27,8
-1333.0745011438116,315.7040113849472,6694.487394117118,28,8
-1750.9505969976874,311.2233627075114,6599.475468367505,29,8
-2161.9375649946437,305.51816583079045,6478.497060761545,30,8
-2564.4244510030244,298.61173443255825,6332.046536642532,31,8
-2956.8358698228776,290.5320511668085,6160.717266755404,32,8
-3337.638014428609,281.3116459718536,5965.199046776204,33,8
-3705.344473313142,270.98745775822687,5746.275164411141,34,8
-4058.521836746094,259.60068017140304,5504.819128802968,35,8
-4395.795073940571,247.19659216363158,5241.791077815381,36,8
-4715.852664309951,233.8243741438649,4958.233879501676,37,8
-5017.4514671810775,219.53691050509315,4655.268944706981,38,8
-5299.421315504907,204.390579354687,4334.091768310951,39,8
-5560.66932026587,188.44503029586878,3995.967217095241,40,8
-5800.183873430048,171.76295112756316,3642.2245826257877,41,8
-6017.038338388251,154.40982434588975,3274.252417879426,42,8
-6210.394417938604,136.45367434384676,2893.4931766261357,43,8
-6379.505190914469,117.96480621656491,2501.4376748078153,44,8
-6523.717809595463,99.01553708826023,2099.6193933400846,45,8
-6642.475851043212,79.67992088394531,1689.608641910511,46,8
-6735.321316480344,60.03346747434431,1273.0066034609158,47,8
-6801.896273782635,40.15285712661337,851.4392791295254,48,8
-6841.944139083523,20.115651196521302,426.55135349347535,49,8
-6855.3105944,3.95474395580652e-14,8.386014305920835e-13,50,8
-6841.944139083523,-20.11565119652116,-426.55135349347233,51,8
-6801.896273782637,-40.15285712661281,-851.4392791295134,52,8
-6735.321316480344,-60.03346747434418,-1273.006603460913,53,8
-6642.475851043215,-79.67992088394489,-1689.608641910502,54,8
-6523.717809595466,-99.01553708825995,-2099.6193933400787,55,8
-6379.505190914469,-117.96480621656477,-2501.4376748078125,56,8
-6210.394417938606,-136.45367434384653,-2893.4931766261307,57,8
-6017.038338388251,-154.40982434588975,-3274.252417879426,58,8
-5800.183873430053,-171.76295112756281,-3642.2245826257804,59,8
-5560.66932026587,-188.44503029586878,-3995.967217095241,60,8
-5299.421315504907,-204.390579354687,-4334.091768310951,61,8
-5017.4514671810775,-219.53691050509315,-4655.268944706981,62,8
-4715.852664309954,-233.82437414386482,-4958.233879501674,63,8
-4395.7950739405605,-247.19659216363192,-5241.791077815388,64,8
-4058.5218367461034,-259.6006801714027,-5504.819128802961,65,8
-3705.3444733131387,-270.9874577582269,-5746.275164411143,66,8
-3337.6380144286118,-281.31164597185347,-5965.1990467762025,67,8
-2956.835869822875,-290.53205116680857,-6160.717266755406,68,8
-2564.4244510030285,-298.61173443255814,-6332.04653664253,69,8
-2161.9375649946514,-305.5181658307903,-6478.497060761541,70,8
-1750.9505969976947,-311.2233627075113,-6599.475468367502,71,8
-1333.07450114381,-315.7040113849472,-6694.487394117118,72,8
-909.9496197094254,-318.94157158235936,-6763.139692306778,73,8
-483.2393522811982,-320.9223629640143,-6805.142272117828,74,8
-54.62369747765414,-321.6376332668296,-6820.309542259811,75,8
374.20730911012157,-321.08360751971964,-6808.561454664175,76,8
801.5602360954996,-319.2615179314105,-6769.924138253854,77,8
1225.7449509998758,-316.17761409341614,-6704.53011529686,78,8
1645.081342049529,-311.8431532198608,-6612.618094442209,79,8
2057.9060398883307,-306.2743702256801,-6494.532336229718,80,8
2462.5791113966975,-299.4924275291626,-6350.72158865546,81,8
2857.4906972990607,-291.52334455345124,-6181.737592254721,82,8
3241.067564871287,-282.39790699405694,-5988.233156124263,83,8
3611.7795468360305,-272.15155601515227,-5770.959808335411,84,8
3968.145837470315,-260.8242576357857,-5530.76502627542,85,8
4308.741117053045,-248.4603526675672,-5268.589054583768,86,8
4632.201476060469,-235.10838766705055,-4985.461320506096,87,8
4937.230110980178,-220.82092746821021,-4682.4964586549695,88,8
5222.60276426309,-205.65434996227208,-4360.889959326707,89,8
5487.172881772175,-189.66862389276983,-4021.913456656919,90,8
5729.87646211545,-172.9270705322107,-3666.9096749864216,91,8
5949.736573467531,-155.49611020222986,-3297.2870538340817,92,8
6145.867514885681,-137.44499469062038,-2914.5140738136465,93,8
6317.478600705364,-118.8455267052894,-2520.113307669248,94,8
6463.8775483488835,-99.77176758611347,-2115.6552223202634,95,8
6584.473451788012,-80.29973456995543,-1702.7517593815037,96,8
6678.779324953978,-60.507088971084976,-1283.0497230449976,97,8
6746.414201571984,-40.47281669801032,-858.2240054557683,98,8
6787.104780194424,-20.276902577838452,-429.97068077657207,99,8
6800.686605599999,0.0,0.0,0,9
6787.104780194424,20.27690257783847,429.9706807765725,1,9
6746.414201571984,40.472816698010156,858.224005455765,2,9
6678.779324953981,60.50708897108449,1283.0497230449873,3,9
6584.473451788016,80.299734569955,1702.7517593814948,4,9
6463.877548348887,99.77176758611303,2115.655222320254,5,9
6317.478600705362,118.84552670528979,2520.113307669256,6,9
6145.867514885683,137.4449946906201,2914.51407381364,7,9
5949.736573467533,155.49611020222963,3297.287053834077,8,9
5729.876462115454,172.92707053221042,3666.9096749864157,9,9
5487.172881772177,189.66862389276972,4021.9134566569164,10,9
5222.6027642630925,205.654349962272,4360.889959326705,11,9
4937.23011098019,220.82092746820962,4682.496458654957,12,9
4632.201476060476,235.10838766705027,4985.46132050609,13,9
4308.741117053047,248.46035266756718,5268.589054583767,14,9
3968.145837470324,260.8242576357853,5530.765026275411,15,9
3611.7795468360314,272.1515560151522,5770.95980833541,16,9
3241.067564871282,282.3979069940571,5988.233156124266,17,9
2857.4906972990652,291.5233445534512,6181.737592254719,18,9
2462.5791113967007,299.49242752916257,6350.7215886554595,19,9
2057.906039888334,306.27437022568006,6494.532336229717,20,9
1645.081342049526,311.8431532198608,6612.618094442209,21,9
1225.7449509998787,316.17761409341614,6704.53011529686,22,9
801.5602360955027,319.2615179314105,6769.924138253854,23,9
374.2073091101276,321.0836075197196,6808.561454664174,24,9
-54.623697477652634,321.6376332668296,6820.309542259811,25,9
-483.23935228118603,320.9223629640144,6805.142272117829,26,9
-909.9496197094132,318.9415715823594,6763.139692306779,27,9
-1333.0745011438116,315.7040113849472,6694.487394117118,28,9
-1750.9505969976874,311.2233627075114,6599.475468367505,29,9
-2161.9375649946437,305.51816583079045,6478.497060761545,30,9
-2564.4244510030244,298.61173443255825,6332.046536642532,31,9
-2956.8358698228776,290.5320511668085,6160.717266755404,32,9
-3337.638014428609,281.3116459718536,5965.199046776204,33,9
-3705.344473313142,270.98745775822687,5746.275164411141,34,9
-4058.521836746094,259.60068017140304,5504.819128802968,35,9
-4395.795073940571,247.19659216363158,5241.791077815381,36,9
-4715.852664309951,233.8243741438649,4958.233879501676,37,9
-5017.4514671810775,219.53691050509315,4655.268944706981,38,9
-5299.421315504907,204.390579354687,4334.091768310951,39,9
-5560.66932026587,188.44503029586878,3995.967217095241,40,9
-5800.183873430048,171.76295112756316,3642.2245826257877,41,9
-6017.038338388251,154.40982434588975,3274.252417879426,42,9
-6210.394417938604,136.45367434384676,2893.4931766261357,43,9
-6379.505190914469,117.96480621656491,2501.4376748078153,44,9
-6523.717809595463,99.01553708826023,2099.6193933400846,45,9
-6642.475851043212,79.67992088394531,1689.608641910511,46,9
-6735.321316480344,60.03346747434431,1273.0066034609158,47,9
-6801.896273782635,40.15285712661337,851.4392791295254,48,9
-6841.944139083523,20.115651196521302,426.55135349347535,49,9
-6855.3105944,3.95474395580652e-14,8.386014305920835e-13,50,9
-6841.944139083523,-20.11565119652116,-426.55135349347233,51,9
-6801.896273782637,-40.15285712661281,-851.4392791295134,52,9
-6735.321316480344,-60.03346747434418,-1273.006603460913,53,9
-6642.475851043215,-79.67992088394489,-1689.608641910502,54,9
-6523.717809595466,-99.01553708825995,-2099.6193933400787,55,9
-6379.505190914469,-117.96480621656477,-2501.4376748078125,56,9
-6210.394417938606,-136.45367434384653,-2893.4931766261307,57,9
-6017.038338388251,-154.40982434588975,-3274.252417879426,58,9
-5800.183873430053,-171.76295112756281,-3642.2245826257804,59,9
-5560.66932026587,-188.44503029586878,-3995.967217095241,60,9
-5299.421315504907,-204.390579354687,-4334.091768310951,61,9
-5017.4514671810775,-219.53691050509315,-4655.268944706981,62,9
-4715.852664309954,-233.82437414386482,-4958.233879501674,63,9
-4395.7950739405605,-247.19659216363192,-5241.791077815388,64,9
-4058.5218367461034,-259.6006801714027,-5504.819128802961,65,9
-3705.3444733131387,-270.9874577582269,-5746.275164411143,66,9
-3337.6380144286118,-281.31164597185347,-5965.1990467762025,67,9
-2956.835869822875,-290.53205116680857,-6160.717266755406,68,9
-2564.4244510030285,-298.61173443255814,-6332.04653664253,69,9
-2161.9375649946514,-305.5181658307903,-6478.497060761541,70,9
-1750.9505969976947,-311.2233627075113,-6599.475468367502,71,9
-1333.07450114381,-315.7040113849472,-6694.487394117118,72,9
-909.9496197094254,-318.94157158235936,-6763.139692306778,73,9
-483.2393522811982,-320.9223629640143,-6805.142272117828,74,9
-54.62369747765414,-321.6376332668296,-6820.309542259811,75,9
374.20730911012157,-321.08360751971964,-6808.561454664175,76,9
801.5602360954996,-319.2615179314105,-6769.924138253854,77,9
1225.7449509998758,-316.17761409341614,-6704.53011529686,78,9
1645.081342049529,-311.8431532198608,-6612.618094442209,79,9
2057.9060398883307,-306.2743702256801,-6494.532336229718,80,9
2462.5791113966975,-299.4924275291626,-6350.72158865546,81,9
2857.4906972990607,-291.52334455345124,-6181.737592254721,82,9
3241.067564871287,-282.39790699405694,-5988.233156124263,83,9
3611.7795468360305,-272.15155601515227,-5770.959808335411,84,9
3968.145837470315,-260.8242576357857,-5530.76502627542,85,9
4308.741117053045,-248.4603526675672,-5268.589054583768,86,9
4632.201476060469,-235.10838766705055,-4985.461320506096,87,9
4937.230110980178,-220.82092746821021,-4682.4964586549695,88,9
5222.60276426309,-205.65434996227208,-4360.889959326707,89,9
5487.172881772175,-189.66862389276983,-4021.913456656919,90,9
5729.87646211545,-172.9270705322107,-3666.9096749864216,91,9
5949.736573467531,-155.49611020222986,-3297.2870538340817,92,9
6145.867514885681,-137.44499469062038,-2914.5140738136465,93,9
6317.478600705364,-118.8455267052894,-2520.113307669248,94,9
6463.8775483488835,-99.77176758611347,-2115.6552223202634,95,9
6584.473451788012,-80.29973456995543,-1702.7517593815037,96,9
6678.779324953978,-60.507088971084976,-1283.0497230449976,97,9
6746.414201571984,-40.47281669801032,-858.2240054557683,98,9
6787.104780194424,-20.276902577838452,-429.97068077657207,99,9
6800.686605599999,0.0,0.0,0,10
6787.104780194424,20.27690257783847,429.9706807765725,1,10
6746.414201571984,40.472816698010156,858.224005455765,2,10
6678.779324953981,60.50708897108449,1283.0497230449873,3,10
6584.473451788016,80.299734569955,1702.7517593814948,4,10
6463.877548348887,99.77176758611303,2115.655222320254,5,10
6317.478600705362,118.84552670528979,2520.113307669256,6,10
6145.867514885683,137.4449946906201,2914.51407381364,7,10
5949.736573467533,155.49611020222963,3297.287053834077,8,10
5729.876462115454,172.92707053221042,3666.9096749864157,9,10
5487.172881772177,189.66862389276972,4021.9134566569164,10,10
5222.6027642630925,205.654349962272,4360.889959326705,11,10
4937.23011098019,220.82092746820962,4682.496458654957,12,10
4632.201476060476,235.10838766705027,4985.46132050609,13,10
4308.741117053047,248.46035266756718,5268.589054583767,14,10
3968.145837470324,260.8242576357853,5530.765026275411,15,10
3611.7795468360314,272.1515560151522,5770.95980833541,16,10
3241.067564871282,282.3979069940571,5988.233156124266,17,10
2857.4906972990652,291.5233445534512,6181.737592254719,18,10
2462.5791113967007,299.49242752916257,6350.7215886554595,19,10
2057.906039888334,306.27437022568006,6494.532336229717,20,10
1645.081342049526,311.8431532198608,6612.618094442209,21,10
1225.7449509998787,316.17761409341614,6704.53011529686,22,10
801.5602360955027,319.2615179314105,6769.924138253854,23,10
374.2073091101276,321.0836075197196,6808.561454664174,24,10
-54.623697477652634,321.6376332668296,6820.309542259811,25,10
-483.23935228118603,320.9223629640144,6805.142272117829,26,10
-909.9496197094132,318.9415715823594,6763.139692306779,27,10
-1333.0745011438116,315.7040113849472,6694.487394117118,28,10
-1750.9505969976874,311.2233627075114,6599.475468367505,29,10
-2161.9375649946437,305.51816583079045,6478.497060761545,30,10
-2564.4244510030244,298.61173443255825,6332.046536642532,31,10
-2956.8358698228776,290.5320511668085,6160.717266755404,32,10
-3337.638014428609,281.3116459718536,5965.199046776204,33,10
-3705.344473313142,270.98745775822687,5746.275164411141,34,10
-4058.521836746094,259.60068017140304,5504.819128802968,35,10
-4395.795073940571,247.19659216363158,5241.791077815381,36,10
-4715.852664309951,233.8243741438649,4958.233879501676,37,10
-5017.4514671810775,219.53691050509315,4655.268944706981,38,10
-5299.421315504907,204.390579354687,4334.091768310951,39,10
-5560.66932026587,188.44503029586878,3995.967217095241,40,10
-5800.183873430048,171.76295112756316,3642.2245826257877,41,10
-6017.038338388251,154.40982434588975,3274.252417879426,42,10
-6210.394417938604,136.45367434384676,2893.4931766261357,43,10
-6379.505190914469,117.96480621656491,2501.4376748078153,44,10
-6523.717809595463,99.01553708826023,2099.6193933400846,45,10
-6642.475851043212,79.67992088394531,1689.608641910511,46,10
-6735.321316480344,60.03346747434431,1273.0066034609158,47,10
-6801.896273782635,40.15285712661337,851.4392791295254,48,10
-6841.944139083523,20.115651196521302,426.55135349347535,49,10
-6855.3105944,3.95474395580652e-14,8.386014305920835e-13,50,10
-6841.944139083523,-20.11565119652116,-426.55135349347233,51,10
-6801.896273782637,-40.15285712661281,-851.4392791295134,52,10
-6735.321316480344,-60.03346747434418,-1273.006603460913,53,10
-6642.475851043215,-79.67992088394489,-1689.608641910502,54,10
-6523.717809595466,-99.01553708825995,-2099.6193933400787,55,10
-6379.505190914469,-117.96480621656477,-2501.4376748078125,56,10
-6210.394417938606,-136.45367434384653,-2893.4931766261307,57,10
-6017.038338388251,-154.40982434588975,-3274.252417879426,58,10
-5800.183873430053,-171.76295112756281,-3642.2245826257804,59,10
-5560.66932026587,-188.44503029586878,-3995.967217095241,60,10
-5299.421315504907,-204.390579354687,-4334.091768310951,61,10
-5017.4514671810775,-219.53691050509315,-4655.268944706981,62,10
-4715.852664309954,-233.82437414386482,-4958.233879501674,63,10
-4395.7950739405605,-247.19659216363192,-5241.791077815388,64,10
-4058.5218367461034,-259.6006801714027,-5504.819128802961,65,10
-3705.3444733131387,-270.9874577582269,-5746.275164411143,66,10
-3337.6380144286118,-281.31164597185347,-5965.1990467762025,67,10
-2956.835869822875,-290.53205116680857,-6160.717266755406,68,10
-2564.4244510030285,-298.61173443255814,-6332.04653664253,69,10
-2161.9375649946514,-305.5181658307903,-6478.497060761541,70,10
-1750.9505969976947,-311.2233627075113,-6599.475468367502,71,10
-1333.07450114381,-315.7040113849472,-6694.487394117118,72,10
-909.9496197094254,-318.94157158235936,-6763.139692306778,73,10
-483.2393522811982,-320.9223629640143,-6805.142272117828,74,10
-54.62369747765414,-321.6376332668296,-6820.309542259811,75,10
374.20730911012157,-321.08360751971964,-6808.561454664175,76,10
801.5602360954996,-319.2615179314105,-6769.924138253854,77,10
1225.7449509998758,-316.17761409341614,-6704.53011529686,78,10
1645.081342049529,-311.8431532198608,-6612.618094442209,79,10
2057.9060398883307,-306.2743702256801,-6494.532336229718,80,10
2462.5791113966975,-299.4924275291626,-6350.72158865546,81,10
2857.4906972990607,-291.52334455345124,-6181.737592254721,82,10
3241.067564871287,-282.39790699405694,-5988.233156124263,83,10
3611.7795468360305,-272.15155601515227,-5770.959808335411,84,10
3968.145837470315,-260.8242576357857,-5530.76502627542,85,10
4308.741117053045,-248.4603526675672,-5268.589054583768,86,10
4632.201476060469,-235.10838766705055,-4985.461320506096,87,10
4937.230110980178,-220.82092746821021,-4682.4964586549695,88,10
5222.60276426309,-205.65434996227208,-4360.889959326707,89,10
5487.172881772175,-189.66862389276983,-4021.913456656919,90,10
5729.87646211545,-172.9270705322107,-3666.9096749864216,91,10
5949.736573467531,-155.49611020222986,-3297.2870538340817,92,10
6145.867514885681,-137.44499469062038,-2914.5140738136465,93,10
6317.478600705364,-118.8455267052894,-2520.113307669248,94,10
6463.8775483488835,-99.77176758611347,-2115.6552223202634,95,10
6584.473451788012,-80.29973456995543,-1702.7517593815037,96,10
6678.779324953978,-60.507088971084976,-1283.0497230449976,97,10
6746.414201571984,-40.47281669801032,-858.2240054557683,98,10
6787.104780194424,-20.276902577838452,-429.97068077657207,99,10
6800.686605599999,0.0,0.0,0,11
6787.104780194424,20.27690257783847,429.9706807765725,1,11
6746.414201571984,40.472816698010156,858.224005455765,2,11
6678.779324953981,60.50708897108449,1283.0497230449873,3,11
6584.473451788016,80.299734569955,1702.7517593814948,4,11
6463.877548348887,99.77176758611303,2115.655222320254,5,11
6317.478600705362,118.84552670528979,2520.113307669256,6,11
6145.867514885683,137.4449946906201,2914.51407381364,7,11
5949.736573467533,155.49611020222963,3297.287053834077,8,11
5729.876462115454,172.92707053221042,3666.9096749864157,9,11
5487.172881772177,189.66862389276972,4021.9134566569164,10,11
5222.6027642630925,205.654349962272,4360.889959326705,11,11
4937.23011098019,220.82092746820962,4682.496458654957,12,11
4632.201476060476,235.10838766705027,4985.46132050609,13,11
4308.741117053047,248.46035266756718,5268.589054583767,14,11
3968.145837470324,260.8242576357853,5530.765026275411,15,11
3611.7795468360314,272.1515560151522,5770.95980833541,16,11
3241.067564871282,282.3979069940571,5988.233156124266,17,11
2857.4906972990652,291.5233445534512,6181.737592254719,18,11
2462.5791113967007,299.49242752916257,6350.7215886554595,19,11
2057.906039888334,306.27437022568006,6494.532336229717,20,11
1645.081342049526,311.8431532198608,6612.618094442209,21,11
1225.7449509998787,316.17761409341614,6704.53011529686,22,11
801.5602360955027,319.2615179314105,6769.924138253854,23,11
374.2073091101276,321.0836075197196,6808.561454664174,24,11
-54.623697477652634,321.6376332668296,6820.309542259811,25,11
-483.23935228118603,320.9223629640144,6805.142272117829,26,11
-909.9496197094132,318.9415715823594,6763.139692306779,27,11
-1333.0745011438116,315.7040113849472,6694.487394117118,28,11
-1750.9505969976874,311.2233627075114,6599.475468367505,29,11
-2161.9375649946437,305.51816583079045,6478.497060761545,30,11
-2564.4244510030244,298.61173443255825,6332.046536642532,31,11
-2956.8358698228776,290.5320511668085,6160.717266755404,32,11
-3337.638014428609,281.3116459718536,5965.199046776204,33,11
-3705.344473313142,270.98745775822687,5746.275164411141,34,11
-4058.521836746094,259.60068017140304,5504.819128802968,35,11
-4395.795073940571,247.19659216363158,5241.791077815381,36,11
-4715.852664309951,233.8243741438649,4958.233879501676,37,11
-5017.4514671810775,219.53691050509315,4655.268944706981,38,11
-5299.421315504907,204.390579354687,4334.091768310951,39,11
-5560.66932026587,188.44503029586878,3995.967217095241,40,11
-5800.183873430048,171.76295112756316,3642.2245826257877,41,11
-6017.038338388251,154.40982434588975,3274.252417879426,42,11
-6210.394417938604,136.45367434384676,2893.4931766261357,43,11
-6379.505190914469,117.96480621656491,2501.4376748078153,44,11
-6523.717809595463,99.01553708826023,2099.6193933400846,45,11
-6642.475851043212,79.67992088394531,1689.608641910511,46,11
-6735.321316480344,60.03346747434431,1273.0066034609158,47,11
-6801.896273782635,40.15285712661337,851.4392791295254,48,11
-6841.944139083523,20.115651196521302,426.55135349347535,49,11
-6855.3105944,3.95474395580652e-14,8.386014305920835e-13,50,11
-6841.944139083523,-20.11565119652116,-426.55135349347233,51,11
-6801.896273782637,-40.15285712661281,-851.4392791295134,52,11
-6735.321316480344,-60.03346747434418,-1273.006603460913,53,11
-6642.475851043215,-79.67992088394489,-1689.608641910502,54,11
-6523.717809595466,-99.01553708825995,-2099.6193933400787,55,11
-6379.505190914469,-117.96480621656477,-2501.4376748078125,56,11
-6210.394417938606,-136.45367434384653,-2893.4931766261307,57,11
-6017.038338388251,-154.40982434588975,-3274.252417879426,58,11
-5800.183873430053,-171.76295112756281,-3642.2245826257804,59,11
-5560.66932026587,-188.44503029586878,-3995.967217095241,60,11
-5299.421315504907,-204.390579354687,-4334.091768310951,61,11
-5017.4514671810775,-219.53691050509315,-4655.268944706981,62,11
-4715.852664309954,-233.82437414386482,-4958.233879501674,63,11
-4395.7950739405605,-247.19659216363192,-5241.791077815388,64,11
-4058.5218367461034,-259.6006801714027,-5504.819128802961,65,11
-3705.3444733131387,-270.9874577582269,-5746.275164411143,66,11
-3337.6380144286118,-281.31164597185347,-5965.1990467762025,67,11
-2956.835869822875,-290.53205116680857,-6160.717266755406,68,11
-2564.4244510030285,-298.61173443255814,-6332.04653664253,69,11
-2161.9375649946514,-305.5181658307903,-6478.497060761541,70,11
-1750.9505969976947,-311.2233627075113,-6599.475468367502,71,11
-1333.07450114381,-315.7040113849472,-6694.487394117118,72,11
-909.9496197094254,-318.94157158235936,-6763.139692306778,73,11
-483.2393522811982,-320.9223629640143,-6805.142272117828,74,11
-54.62369747765414,-321.6376332668296,-6820.309542259811,75,11
374.20730911012157,-321.08360751971964,-6808.561454664175,76,11
801.5602360954996,-319.2615179314105,-6769.924138253854,77,11
1225.7449509998758,-316.17761409341614,-6704.53011529686,78,11
1645.081342049529,-311.8431532198608,-6612.618094442209,79,11
2057.9060398883307,-306.2743702256801,-6494.532336229718,80,11
2462.5791113966975,-299.4924275291626,-6350.72158865546,81,11
2857.4906972990607,-291.52334455345124,-6181.737592254721,82,11
3241.067564871287,-282.39790699405694,-5988.233156124263,83,11
3611.7795468360305,-272.15155601515227,-5770.959808335411,84,11
3968.145837470315,-260.8242576357857,-5530.76502627542,85,11
4308.741117053045,-248.4603526675672,-5268.589054583768,86,11
4632.201476060469,-235.10838766705055,-4985.461320506096,87,11
4937.230110980178,-220.82092746821021,-4682.4964586549695,88,11
5222.60276426309,-205.65434996227208,-4360.889959326707,89,11
5487.172881772175,-189.66862389276983,-4021.913456656919,90,11
5729.87646211545,-172.9270705322107,-3666.9096749864216,91,11
5949.736573467531,-155.49611020222986,-3297.2870538340817,92,11
6145.867514885681,-137.44499469062038,-2914.5140738136465,93,11
6317.478600705364,-118.8455267052894,-2520.113307669248,94,11
6463.8775483488835,-99.77176758611347,-2115.6552223202634,95,11
6584.473451788012,-80.29973456995543,-1702.7517593815037,96,11
6678.779324953978,-60.507088971084976,-1283.0497230449976,97,11
6746.414201571984,-40.47281669801032,-858.2240054557683,98,11
6787.104780194424,-20.276902577838452,-429.97068077657207,99,11
6800.686605599999,0.0,0.0,0,12
6787.104780194424,20.27690257783847,429.9706807765725,1,12
6746.414201571984,40.472816698010156,858.224005455765,2,12
6678.779324953981,60.50708897108449,1283.0497230449873,3,12
6584.473451788016,80.299734569955,1702.7517593814948,4,12
6463.877548348887,99.77176758611303,2115.655222320254,5,12
6317.478600705362,118.84552670528979,2520.113307669256,6,12
6145.867514885683,137.4449946906201,2914.51407381364,7,12
5949.736573467533,155.49611020222963,3297.287053834077,8,12
5729.876462115454,172.92707053221042,3666.9096749864157,9,12
5487.172881772177,189.66862389276972,4021.9134566569164,10,12
5222.6027642630925,205.654349962272,4360.889959326705,11,12
4937.23011098019,220.82092746820962,4682.496458654957,12,12
4632.201476060476,235.10838766705027,4985.46132050609,13,12
4308.741117053047,248.46035266756718,5268.589054583767,14,12
3968.145837470324,260.8242576357853,5530.765026275411,15,12
3611.7795468360314,272.1515560151522,5770.95980833541,16,12
3241.067564871282,282.3979069940571,5988.233156124266,17,12
2857.4906972990652,291.5233445534512,6181.737592254719,18,12
2462.5791113967007,299.49242752916257,6350.7215886554595,19,12
2057.906039888334,306.27437022568006,6494.532336229717,20,12
1645.081342049526,311.8431532198608,6612.618094442209,21,12
1225.7449509998787,316.17761409341614,6704.53011529686,22,12
801.5602360955027,319.2615179314105,6769.924138253854,23,12
374.2073091101276,321.0836075197196,6808.561454664174,24,12
-54.623697477652634,321.6376332668296,6820.309542259811,25,12
-483.23935228118603,320.9223629640144,6805.142272117829,26,12
-909.9496197094132,318.9415715823594,6763.139692306779,27,12
-1333.0745011438116,315.7040113849472,6694.487394117118,28,12
-1750.9505969976874,311.2233627075114,6599.475468367505,29,12
-2161.9375649946437,305.51816583079045,6478.497060761545,30,12
-2564.4244510030244,298.61173443255825,6332.046536642532,31,12
-2956.8358698228776,290.5320511668085,6160.717266755404,32,12
-3337.638014428609,281.3116459718536,5965.199046776204,33,12
-3705.344473313142,270.98745775822687,5746.275164411141,34,12
-4058.521836746094,259.60068017140304,5504.819128802968,35,12
-4395.795073940571,247.19659216363158,5241.791077815381,36,12
-4715.852664309951,233.8243741438649,4958.233879501676,37,12
-5017.4514671810775,219.53691050509315,4655.268944706981,38,12
-5299.421315504907,204.390579354687,4334.091768310951,39,12
-5560.66932026587,188.44503029586878,3995.967217095241,40,12
-5800.183873430048,171.76295112756316,3642.2245826257877,41,12
-6017.038338388251,154.40982434588975,3274.252417879426,42,12
-6210.394417938604,136.45367434384676,2893.4931766261357,43,12
-6379.505190914469,117.96480621656491,2501.4376748078153,44,12
-6523.717809595463,99.01553708826023,2099.6193933400846,45,12
-6642.475851043212,79.67992088394531,1689.608641910511,46,12
-6735.321316480344,60.03346747434431,1273.0066034609158,47,12
-6801.896273782635,40.15285712661337,851.4392791295254,48,12
-6841.944139083523,20.115651196521302,426.55135349347535,49,12
-6855.3105944,3.95474395580652e-14,8.386014305920835e-13,50,12
-6841.944139083523,-20.11565119652116,-426.55135349347233,51,12
-6801.896273782637,-40.15285712661281,-851.4392791295134,52,12
-6735.321316480344,-60.03346747434418,-1273.006603460913,53,12
-6642.475851043215,-79.67992088394489,-1689.608641910502,54,12
-6523.717809595466,-99.01553708825995,-2099.6193933400787,55,12
-6379.505190914469,-117.96480621656477,-2501.4376748078125,56,12
-6210.394417938606,-136.45367434384653,-2893.4931766261307,57,12
-6017.038338388251,-154.40982434588975,-3274.252417879426,58,12
-5800.183873430053,-171.76295112756281,-3642.2245826257804,59,12
-5560.66932026587,-188.44503029586878,-3995.967217095241,60,12
-5299.421315504907,-204.390579354687,-4334.091768310951,61,12
-5017.4514671810775,-219.53691050509315,-4655.268944706981,62,12
-4715.852664309954,-233.82437414386482,-4958.233879501674,63,12
-4395.7950739405605,-247.19659216363192,-5241.791077815388,64,12
-4058.5218367461034,-259.6006801714027,-5504.819128802961,65,12
-3705.3444733131387,-270.9874577582269,-5746.275164411143,66,12
-3337.6380144286118,-281.31164597185347,-5965.1990467762025,67,12
-2956.835869822875,-290.53205116680857,-6160.717266755406,68,12
-2564.4244510030285,-298.61173443255814,-6332.04653664253,69,12
-2161.9375649946514,-305.5181658307903,-6478.497060761541,70,12
-1750.9505969976947,-311.2233627075113,-6599.475468367502,71,12
-1333.07450114381,-315.7040113849472,-6694.487394117118,72,12
-909.9496197094254,-318.94157158235936,-6763.139692306778,73,12
-483.2393522811982,-320.9223629640143,-6805.142272117828,74,12
-54.62369747765414,-321.6376332668296,-6820.309542259811,75,12
374.20730911012157,-321.08360751971964,-6808.561454664175,76,12
801.5602360954996,-319.2615179314105,-6769.924138253854,77,12
1225.7449509998758,-316.17761409341614,-6704.53011529686,78,12
1645.081342049529,-311.8431532198608,-6612.618094442209,79,12
2057.9060398883307,-306.2743702256801,-6494.532336229718,80,12
2462.5791113966975,-299.4924275291626,-6350.72158865546,81,12
2857.4906972990607,-291.52334455345124,-6181.737592254721,82,12
3241.067564871287,-282.39790699405694,-5988.233156124263,83,12
3611.7795468360305,-272.15155601515227,-5770.959808335411,84,12
3968.145837470315,-260.8242576357857,-5530.76502627542,85,12
4308.741117053045,-248.4603526675672,-5268.589054583768,86,12
4632.201476060469,-235.10838766705055,-4985.461320506096,87,12
4937.230110980178,-220.82092746821021,-4682.4964586549695,88,12
5222.60276426309,-205.65434996227208,-4360.889959326707,89,12
5487.172881772175,-189.66862389276983,-4021.913456656919,90,12
5729.87646211545,-172.9270705322107,-3666.9096749864216,91,12
5949.736573467531,-155.49611020222986,-3297.2870538340817,92,12
6145.867514885681,-137.44499469062038,-2914.5140738136465,93,12
6317.478600705364,-118.8455267052894,-2520.113307669248,94,12
6463.8775483488835,-99.77176758611347,-2115.6552223202634,95,12
6584.473451788012,-80.29973456995543,-1702.7517593815037,96,12
6678.779324953978,-60.507088971084976,-1283.0497230449976,97,12
6746.414201571984,-40.47281669801032,-858.2240054557683,98,12
6787.104780194424,-20.276902577838452,-429.97068077657207,99,12
6800.686605599999,0.0,0.0,0,13
6787.104780194424,20.27690257783847,429.9706807765725,1,13
6746.414201571984,40.472816698010156,858.224005455765,2,13
6678.779324953981,60.50708897108449,1283.0497230449873,3,13
6584.473451788016,80.299734569955,1702.7517593814948,4,13
6463.877548348887,99.77176758611303,2115.655222320254,5,13
6317.478600705362,118.84552670528979,2520.113307669256,6,13
6145.867514885683,137.4449946906201,2914.51407381364,7,13
5949.736573467533,155.49611020222963,3297.287053834077,8,13
5729.876462115454,172.92707053221042,3666.9096749864157,9,13
5487.172881772177,189.66862389276972,4021.9134566569164,10,13
5222.6027642630925,205.654349962272,4360.889959326705,11,13
4937.23011098019,220.82092746820962,4682.496458654957,12,13
4632.201476060476,235.10838766705027,4985.46132050609,13,13
4308.741117053047,248.46035266756718,5268.589054583767,14,13
3968.145837470324,260.8242576357853,5530.765026275411,15,13
3611.7795468360314,272.1515560151522,5770.95980833541,16,13
3241.067564871282,282.3979069940571,5988.233156124266,17,13
2857.4906972990652,291.5233445534512,6181.737592254719,18,13
2462.5791113967007,299.49242752916257,6350.7215886554595,19,13
2057.906039888334,306.27437022568006,6494.532336229717,20,13
1645.081342049526,311.8431532198608,6612.618094442209,21,13
1225.7449509998787,316.17761409341614,6704.53011529686,22,13
801.5602360955027,319.2615179314105,6769.924138253854,23,13
374.2073091101276,321.0836075197196,6808.561454664174,24,13
-54.623697477652634,321.6376332668296,6820.309542259811,25,13
-483.23935228118603,320.9223629640144,6805.142272117829,26,13
-909.9496197094132,318.9415715823594,6763.139692306779,27,13
-1333.0745011438116,315.7040113849472,6694.487394117118,28,13
-1750.9505969976874,311.2233627075114,6599.475468367505,29,13
-2161.9375649946437,305.51816583079045,6478.497060761545,30,13
-2564.4244510030244,298.61173443255825,6332.046536642532,31,13
-2956.8358698228776,290.5320511668085,6160.717266755404,32,13
-3337.638014428609,281.3116459718536,5965.199046776204,33,13
-3705.344473313142,270.98745775822687,5746.275164411141,34,13
-4058.521836746094,259.60068017140304,5504.819128802968,35,13
-4395.795073940571,247.19659216363158,5241.791077815381,36,13
-4715.852664309951,233.8243741438649,4958.233879501676,37,13
-5017.4514671810775,219.53691050509315,4655.268944706981,38,13
-5299.421315504907,204.390579354687,4334.091768310951,39,13
-5560.66932026587,188.44503029586878,3995.967217095241,40,13
-5800.183873430048,171.76295112756316,3642.2245826257877,41,13
-6017.038338388251,154.40982434588975,3274.252417879426,42,13
-6210.394417938604,136.45367434384676,2893.4931766261357,43,13
-6379.505190914469,117.96480621656491,2501.4376748078153,44,13
-6523.717809595463,99.01553708826023,2099.6193933400846,45,13
-6642.475851043212,79.67992088394531,1689.608641910511,46,13
-6735.321316480344,60.03346747434431,1273.0066034609158,47,13
-6801.896273782635,40.15285712661337,851.4392791295254,48,13
-6841.944139083523,20.115651196521302,426.55135349347535,49,13
-6855.3105944,3.95474395580652e-14,8.386014305920835e-13,50,13
-6841.944139083523,-20.11565119652116,-426.55135349347233,51,13
-6801.896273782637,-40.15285712661281,-851.4392791295134,52,13
-6735.321316480344,-60.03346747434418,-1273.006603460913,53,13
-6642.475851043215,-79.67992088394489,-1689.608641910502,54,13
-6523.717809595466,-99.01553708825995,-2099.6193933400787,55,13
-6379.505190914469,-117.96480621656477,-2501.4376748078125,56,13
-6210.394417938606,-136.45367434384653,-2893.4931766261307,57,13
-6017.038338388251,-154.40982434588975,-3274.252417879426,58,13
-5800.183873430053,-171.76295112756281,-3642.2245826257804,59,13
-5560.66932026587,-188.44503029586878,-3995.967217095241,60,13
-5299.421315504907,-204.390579354687,-4334.091768310951,61,13
-5017.4514671810775,-219.53691050509315,-4655.268944706981,62,13
-4715.852664309954,-233.82437414386482,-4958.233879501674,63,13
-4395.7950739405605,-247.19659216363192,-5241.791077815388,64,13
-4058.5218367461034,-259.6006801714027,-5504.819128802961,65,13
-3705.3444733131387,-270.9874577582269,-5746.275164411143,66,13
-3337.6380144286118,-281.31164597185347,-5965.1990467762025,67,13
-2956.835869822875,-290.53205116680857,-6160.717266755406,68,13
-2564.4244510030285,-298.61173443255814,-6332.04653664253,69,13
-2161.9375649946514,-305.5181658307903,-6478.497060761541,70,13
-1750.9505969976947,-311.2233627075113,-6599.475468367502,71,13
-1333.07450114381,-315.7040113849472,-6694.487394117118,72,13
-909.9496197094254,-318.94157158235936,-6763.139692306778,73,13
-483.2393522811982,-320.9223629640143,-6805.142272117828,74,13
-54.62369747765414,-321.6376332668296,-6820.309542259811,75,13
374.20730911012157,-321.08360751971964,-6808.561454664175,76,13
801.5602360954996,-319.2615179314105,-6769.924138253854,77,13
1225.7449509998758,-316.17761409341614,-6704.53011529686,78,13
1645.081342049529,-311.8431532198608,-6612.618094442209,79,13
2057.9060398883307,-306.2743702256801,-6494.532336229718,80,13
2462.5791113966975,-299.4924275291626,-6350.72158865546,81,13
2857.4906972990607,-291.52334455345124,-6181.737592254721,82,13
3241.067564871287,-282.39790699405694,-5988.233156124263,83,13
3611.7795468360305,-272.15155601515227,-5770.959808335411,84,13
3968.145837470315,-260.8242576357857,-5530.76502627542,85,13
4308.741117053045,-248.4603526675672,-5268.589054583768,86,13
4632.201476060469,-235.10838766705055,-4985.461320506096,87,13
4937.230110980178,-220.82092746821021,-4682.4964586549695,88,13
5222.60276426309,-205.65434996227208,-4360.889959326707,89,13
5487.172881772175,-189.66862389276983,-4021.913456656919,90,13
5729.87646211545,-172.9270705322107,-3666.9096749864216,91,13
5949.736573467531,-155.49611020222986,-3297.2870538340817,92,13
6145.867514885681,-137.44499469062038,-2914.5140738136465,93,13
6317.478600705364,-118.8455267052894,-2520.113307669248,94,13
6463.8775483488835,-99.77176758611347,-2115.6552223202634,95,13
6584.473451788012,-80.29973456995543,-1702.7517593815037,96,13
6678.779324953978,-60.507088971084976,-1283.0497230449976,97,13
6746.414201571984,-40.47281669801032,-858.2240054557683,98,13
6787.104780194424,-20.276902577838452,-429.97068077657207,99,13
6800.686605599999,0.0,0.0,0,14
6787.104780194424,20.27690257783847,429.9706807765725,1,14
6746.414201571984,40.472816698010156,858.224005455765,2,14
6678.779324953981,60.50708897108449,1283.0497230449873,3,14
6584.473451788016,80.299734569955,1702.7517593814948,4,14
6463.877548348887,99.77176758611303,2115.655222320254,5,14
6317.478600705362,118.84552670528979,2520.113307669256,6,14
6145.867514885683,137.4449946906201,2914.51407381364,7,14
5949.736573467533,155.49611020222963,3297.287053834077,8,14
5729.876462115454,172.92707053221042,3666.9096749864157,9,14
5487.172881772177,189.66862389276972,4021.9134566569164,10,14
5222.6027642630925,205.654349962272,4360.889959326705,11,14
4937.23011098019,220.82092746820962,4682.496458654957,12,14
4632.201476060476,235.10838766705027,4985.46132050609,13,14
4308.741117053047,248.46035266756718,5268.589054583767,14,14
3968.145837470324,260.8242576357853,5530.765026275411,15,14
3611.7795468360314,272.1515560151522,5770.95980833541,16,14
3241.067564871282,282.3979069940571,5988.233156124266,17,14
2857.4906972990652,291.5233445534512,6181.737592254719,18,14
2462.5791113967007,299.49242752916257,6350.7215886554595,19,14
2057.906039888334,306.27437022568006,6494.532336229717,20,14
1645.081342049526,311.8431532198608,6612.618094442209,21,14
1225.7449509998787,316.17761409341614,6704.53011529686,22,14
801.5602360955027,319.2615179314105,6769.924138253854,23,14
374.2073091101276,321.0836075197196,6808.561454664174,24,14
-54.623697477652634,321.6376332668296,6820.309542259811,25,14
-483.23935228118603,320.9223629640144,6805.142272117829,26,14
-909.9496197094132,318.9415715823594,6763.139692306779,27,14
-1333.0745011438116,315.7040113849472,6694.487394117118,28,14
-1750.9505969976874,311.2233627075114,6599.475468367505,29,14
-2161.9375649946437,305.51816583079045,6478.497060761545,30,14
-2564.4244510030244,298.61173443255825,6332.046536642532,31,14
-2956.8358698228776,290.5320511668085,6160.717266755404,32,14
-3337.638014428609,281.3116459718536,5965.199046776204,33,14
-3705.344473313142,270.98745775822687,5746.275164411141,34,14
-4058.521836746094,259.60068017140304,5504.819128802968,35,14
-4395.795073940571,247.19659216363158,5241.791077815381,36,14
-4715.852664309951,233.8243741438649,4958.233879501676,37,14
-5017.4514671810775,219.53691050509315,4655.268944706981,38,14
-5299.421315504907,204.390579354687,4334.091768310951,39,14
-5560.66932026587,188.44503029586878,3995.967217095241,40,14
-5800.183873430048,171.76295112756316,3642.2245826257877,41,14
-6017.038338388251,154.40982434588975,3274.252417879426,42,14
-6210.394417938604,136.45367434384676,2893.4931766261357,43,14
-6379.505190914469,117.96480621656491,2501.4376748078153,44,14
-6523.717809595463,99.01553708826023,2099.6193933400846,45,14
-6642.475851043212,79.67992088394531,1689.608641910511,46,14
-6735.321316480344,60.03346747434431,1273.0066034609158,47,14
-6801.896273782635,40.15285712661337,851.4392791295254,48,14
-6841.944139083523,20.115651196521302,426.55135349347535,49,14
-6855.3105944,3.95474395580652e-14,8.386014305920835e-13,50,14
-6841.944139083523,-20.11565119652116,-426.55135349347233,51,14
-6801.896273782637,-40.15285712661281,-851.4392791295134,52,14
-6735.321316480344,-60.03346747434418,-1273.006603460913,53,14
-6642.475851043215,-79.67992088394489,-1689.608641910502,54,14
-6523.717809595466,-99.01553708825995,-2099.6193933400787,55,14
-6379.505190914469,-117.96480621656477,-2501.4376748078125,56,14
-6210.394417938606,-136.45367434384653,-2893.4931766261307,57,14
-6017.038338388251,-154.40982434588975,-3274.252417879426,58,14
-5800.183873430053,-171.76295112756281,-3642.2245826257804,59,14
-5560.66932026587,-188.44503029586878,-3995.967217095241,60,14
-5299.421315504907,-204.390579354687,-4334.091768310951,61,14
-5017.4514671810775,-219.53691050509315,-4655.268944706981,62,14
-4715.852664309954,-233.82437414386482,-4958.233879501674,63,14
-4395.7950739405605,-247.19659216363192,-5241.791077815388,64,14
-4058.5218367461034,-259.6006801714027,-5504.819128802961,65,14
-3705.3444733131387,-270.9874577582269,-5746.275164411143,66,14
-3337.6380144286118,-281.31164597185347,-5965.1990467762025,67,14
-2956.835869822875,-290.53205116680857,-6160.717266755406,68,14
-2564.4244510030285,-298.61173443255814,-6332.04653664253,69,14
-2161.9375649946514,-305.5181658307903,-6478.497060761541,70,14
-1750.9505969976947,-311.2233627075113,-6599.475468367502,71,14
-1333.07450114381,-315.7040113849472,-6694.487394117118,72,14
-909.9496197094254,-318.94157158235936,-6763.139692306778,73,14
-483.2393522811982,-320.9223629640143,-6805.142272117828,74,14
-54.62369747765414,-321.6376332668296,-6820.309542259811,75,14
374.20730911012157,-321.08360751971964,-6808.561454664175,76,14
801.5602360954996,-319.2615179314105,-6769.924138253854,77,14
1225.7449509998758,-316.17761409341614,-6704.53011529686,78,14
1645.081342049529,-311.8431532198608,-6612.618094442209,79,14
2057.9060398883307,-306.2743702256801,-6494.532336229718,80,14
2462.5791113966975,-299.4924275291626,-6350.72158865546,81,14
2857.4906972990607,-291.52334455345124,-6181.737592254721,82,14
3241.067564871287,-282.39790699405694,-5988.233156124263,83,14
3611.7795468360305,-272.15155601515227,-5770.959808335411,84,14
3968.145837470315,-260.8242576357857,-5530.76502627542,85,14
4308.741117053045,-248.4603526675672,-5268.589054583768,86,14
4632.201476060469,-235.10838766705055,-4985.461320506096,87,14
4937.230110980178,-220.82092746821021,-4682.4964586549695,88,14
5222.60276426309,-205.65434996227208,-4360.889959326707,89,14
5487.172881772175,-189.66862389276983,-4021.913456656919,90,14
5729.87646211545,-172.9270705322107,-3666.9096749864216,91,14
5949.736573467531,-155.49611020222986,-3297.2870538340817,92,14
6145.867514885681,-137.44499469062038,-2914.5140738136465,93,14
6317.478600705364,-118.8455267052894,-2520.113307669248,94,14
6463.8775483488835,-99.77176758611347,-2115.6552223202634,95,14
6584.473451788012,-80.29973456995543,-1702.7517593815037,96,14
6678.779324953978,-60.507088971084976,-1283.0497230449976,97,14
6746.414201571984,-40.47281669801032,-858.2240054557683,98,14
6787.104780194424,-20.276902577838452,-429.97068077657207,99,14
6800.686605599999,0.0,0.0,0,15
6787.104780194424,20.27690257783847,429.9706807765725,1,15
6746.414201571984,40.472816698010156,858.224005455765,2,15
6678.779324953981,60.50708897108449,1283.0497230449873,3,15
6584.473451788016,80.299734569955,1702.7517593814948,4,15
6463.877548348887,99.77176758611303,2115.655222320254,5,15
6317.478600705362,118.84552670528979,2520.113307669256,6,15
6145.867514885683,137.4449946906201,2914.51407381364,7,15
5949.736573467533,155.49611020222963,3297.287053834077,8,15
5729.876462115454,172.92707053221042,3666.9096749864157,9,15
5487.172881772177,189.66862389276972,4021.9134566569164,10,15
5222.6027642630925,205.654349962272,4360.889959326705,11,15
4937.23011098019,220.82092746820962,4682.496458654957,12,15
4632.201476060476,235.10838766705027,4985.46132050609,13,15
4308.741117053047,248.46035266756718,5268.589054583767,14,15
3968.145837470324,260.8242576357853,5530.765026275411,15,15
3611.7795468360314,272.1515560151522,5770.95980833541,16,15
3241.067564871282,282.3979069940571,5988.233156124266,17,15
2857.4906972990652,291.5233445534512,6181.737592254719,18,15
2462.5791113967007,299.49242752916257,6350.7215886554595,19,15
2057.906039888334,306.27437022568006,6494.532336229717,20,15
1645.081342049526,311.8431532198608,6612.618094442209,21,15
1225.7449509998787,316.17761409341614,6704.53011529686,22,15
801.5602360955027,319.2615179314105,6769.924138253854,23,15
374.2073091101276,321.0836075197196,6808.561454664174,24,15
-54.623697477652634,321.6376332668296,6820.309542259811,25,15
-483.23935228118603,320.9223629640144,6805.142272117829,26,15
-909.9496197094132,318.9415715823594,6763.139692306779,27,15
-1333.0745011438116,315.7040113849472,6694.487394117118,28,15
-1750.9505969976874,311.2233627075114,6599.475468367505,29,15
-2161.9375649946437,305.51816583079045,6478.497060761545,30,15
-2564.4244510030244,298.61173443255825,6332.046536642532,31,15
-2956.8358698228776,290.5320511668085,6160.717266755404,32,15
-3337.638014428609,281.3116459718536,5965.199046776204,33,15
-3705.344473313142,270.98745775822687,5746.275164411141,34,15
-4058.521836746094,259.60068017140304,5504.819128802968,35,15
-4395.795073940571,247.19659216363158,5241.791077815381,36,15
-4715.852664309951,233.8243741438649,4958.233879501676,37,15
-5017.4514671810775,219.53691050509315,4655.268944706981,38,15
-5299.421315504907,204.390579354687,4334.091768310951,39,15
-5560.66932026587,188.44503029586878,3995.967217095241,40,15
-5800.183873430048,171.76295112756316,3642.2245826257877,41,15
-6017.038338388251,154.40982434588975,3274.252417879426,42,15
-6210.394417938604,136.45367434384676,2893.4931766261357,43,15
-6379.505190914469,117.96480621656491,2501.4376748078153,44,15
-6523.717809595463,99.01553708826023,2099.6193933400846,45,15
-6642.475851043212,79.67992088394531,1689.608641910511,46,15
-6735.321316480344,60.03346747434431,1273.0066034609158,47,15
-6801.896273782635,40.15285712661337,851.4392791295254,48,15
-6841.944139083523,20.115651196521302,426.55135349347535,49,15
-6855.3105944,3.95474395580652e-14,8.386014305920835e-13,50,15
-6841.944139083523,-20.11565119652116,-426.55135349347233,51,15
-6801.896273782637,-40.15285712661281,-851.4392791295134,52,15
-6735.321316480344,-60.03346747434418,-1273.006603460913,53,15
-6642.475851043215,-79.67992088394489,-1689.608641910502,54,15
-6523.717809595466,-99.01553708825995,-2099.6193933400787,55,15
-6379.505190914469,-117.96480621656477,-2501.4376748078125,56,15
-6210.394417938606,-136.45367434384653,-2893.4931766261307,57,15
-6017.038338388251,-154.40982434588975,-3274.252417879426,58,15
-5800.183873430053,-171.76295112756281,-3642.2245826257804,59,15
-5560.66932026587,-188.44503029586878,-3995.967217095241,60,15
-5299.421315504907,-204.390579354687,-4334.091768310951,61,15
-5017.4514671810775,-219.53691050509315,-4655.268944706981,62,15
-4715.852664309954,-233.82437414386482,-4958.233879501674,63,15
-4395.7950739405605,-247.19659216363192,-5241.791077815388,64,15
-4058.5218367461034,-259.6006801714027,-5504.819128802961,65,15
-3705.3444733131387,-270.9874577582269,-5746.275164411143,66,15
-3337.6380144286118,-281.31164597185347,-5965.1990467762025,67,15
-2956.835869822875,-290.53205116680857,-6160.717266755406,68,15
-2564.4244510030285,-298.61173443255814,-6332.04653664253,69,15
-2161.9375649946514,-305.5181658307903,-6478.497060761541,70,15
-1750.9505969976947,-311.2233627075113,-6599.475468367502,71,15
-1333.07450114381,-315.7040113849472,-6694.487394117118,72,15
-909.9496197094254,-318.94157158235936,-6763.139692306778,73,15
-483.2393522811982,-320.9223629640143,-6805.142272117828,74,15
-54.62369747765414,-321.6376332668296,-6820.309542259811,75,15
374.20730911012157,-321.08360751971964,-6808.561454664175,76,15
801.5602360954996,-319.2615179314105,-6769.924138253854,77,15
1225.7449509998758,-316.17761409341614,-6704.53011529686,78,15
1645.081342049529,-311.8431532198608,-6612.618094442209,79,15
2057.9060398883307,-306.2743702256801,-6494.532336229718,80,15
2462.5791113966975,-299.4924275291626,-6350.72158865546,81,15
2857.4906972990607,-291.52334455345124,-6181.737592254721,82,15
3241.067564871287,-282.39790699405694,-5988.233156124263,83,15
3611.7795468360305,-272.15155601515227,-5770.959808335411,84,15
3968.145837470315,-260.8242576357857,-5530.76502627542,85,15
4308.741117053045,-248.4603526675672,-5268.589054583768,86,15
4632.201476060469,-235.10838766705055,-4985.461320506096,87,15
4937.230110980178,-220.82092746821021,-4682.4964586549695,88,15
5222.60276426309,-205.65434996227208,-4360.889959326707,89,15
5487.172881772175,-189.66862389276983,-4021.913456656919,90,15
5729.87646211545,-172.9270705322107,-3666.9096749864216,91,15
5949.736573467531,-155.49611020222986,-3297.2870538340817,92,15
6145.867514885681,-137.44499469062038,-2914.5140738136465,93,15
6317.478600705364,-118.8455267052894,-2520.113307669248,94,15
6463.8775483488835,-99.77176758611347,-2115.6552223202634,95,15
6584.473451788012,-80.29973456995543,-1702.7517593815037,96,15
6678.779324953978,-60.507088971084976,-1283.0497230449976,97,15
6746.414201571984,-40.47281669801032,-858.2240054557683,98,15
6787.104780194424,-20.276902577838452,-429.97068077657207,99,15
